{
"type": "FeatureCollection",
"name": "CABA",
"crs": { "type": "name", "properties": { "name": "urn:ogc:def:crs:OGC:1.3:CRS84" } },
"features": [
{ "type": "Feature", "properties": { "fid": 1, "cpr": "02", "jur": "Ciudad Autónoma de Buenos Aires", "cde": "02014", "gna": "Comuna", "nam": "Comuna 2" }, "geometry": { "type": "MultiPolygon", "coordinates": [ [ [ [ -58.41325492262235, -34.597954751836205 ], [ -58.414628681133451, -34.59790586583248 ], [ -58.415664607939512, -34.597867294880935 ], [ -58.416002032498433, -34.597861431631515 ], [ -58.415519838185041, -34.596716970025021 ], [ -58.415045600421976, -34.595604457415035 ], [ -58.414625991195898, -34.594607689696666 ], [ -58.414393670530693, -34.594058472506028 ], [ -58.413526986636604, -34.593078678313567 ], [ -58.412878825091425, -34.592323725949761 ], [ -58.412466698784861, -34.591839645363017 ], [ -58.412392609149336, -34.591758627302362 ], [ -58.412328915781984, -34.591682752626177 ], [ -58.411189989564861, -34.59035342211709 ], [ -58.410080241675253, -34.589061854274775 ], [ -58.409498510503497, -34.588234660073454 ], [ -58.409027141195331, -34.587567137051352 ], [ -58.408315924455415, -34.586552110097337 ], [ -58.408138531484077, -34.586293885462148 ], [ -58.40803735233343, -34.586152759040033 ], [ -58.407629280698295, -34.58556557696042 ], [ -58.407090488318154, -34.584803966009765 ], [ -58.406398878133082, -34.58381262399579 ], [ -58.406175245395524, -34.583466133235547 ], [ -58.405360896112533, -34.583460092534047 ], [ -58.404025529368845, -34.583448386890694 ], [ -58.402044092001418, -34.583432153888523 ], [ -58.401946452541232, -34.583430532449782 ], [ -58.401347863038936, -34.583797427459807 ], [ -58.401214624534475, -34.583887931822773 ], [ -58.401127871988173, -34.583945402386732 ], [ -58.40054654907366, -34.584479620538097 ], [ -58.399938346567183, -34.583646237548194 ], [ -58.399277283863647, -34.582737650728369 ], [ -58.398110285221229, -34.580710025477643 ], [ -58.397961253024874, -34.580498497083148 ], [ -58.396915182642765, -34.579049068297394 ], [ -58.396770738872632, -34.578846812637465 ], [ -58.396756580984928, -34.578823459830957 ], [ -58.396562544928926, -34.578510261382704 ], [ -58.397146541248937, -34.57812450259383 ], [ -58.397204236789008, -34.578087679669935 ], [ -58.398060088832977, -34.577521252409191 ], [ -58.39812940434291, -34.577476170742869 ], [ -58.398429907079695, -34.577279327114617 ], [ -58.398493820952993, -34.577233906804487 ], [ -58.398585968271192, -34.577176775822949 ], [ -58.398763224961456, -34.5770800452431 ], [ -58.398985736515847, -34.576963683669 ], [ -58.399265123185756, -34.576819432470892 ], [ -58.399531661314157, -34.576696841396583 ], [ -58.399781995067222, -34.576573234683728 ], [ -58.39992978909406, -34.576501615545197 ], [ -58.400124882633264, -34.576388027425807 ], [ -58.400360238047497, -34.576250001822942 ], [ -58.40060222083568, -34.576098911366984 ], [ -58.400850421883703, -34.575939223523122 ], [ -58.401145511938793, -34.575742033287924 ], [ -58.40116916135581, -34.575721048637163 ], [ -58.401239291670748, -34.575667029706132 ], [ -58.401657123914227, -34.575315771586794 ], [ -58.401845822416988, -34.575093944497517 ], [ -58.402096299829168, -34.574790615748512 ], [ -58.402321899970183, -34.574521673829125 ], [ -58.402553308498703, -34.574248601924587 ], [ -58.402620488534531, -34.574167438468614 ], [ -58.402644137103891, -34.574146453420546 ], [ -58.402514747220252, -34.574017037284847 ], [ -58.402141965404667, -34.573638737999367 ], [ -58.402043347934331, -34.573529220827638 ], [ -58.401898488654652, -34.573331438449124 ], [ -58.401831460283738, -34.573232885424979 ], [ -58.401778181939868, -34.573162152199295 ], [ -58.401759031034977, -34.573133994185397 ], [ -58.400556091235885, -34.571796092414033 ], [ -58.400536941013272, -34.571767934300816 ], [ -58.40037670309588, -34.571560201192767 ], [ -58.400288483074299, -34.571455827223581 ], [ -58.399918993567944, -34.571041783722237 ], [ -58.399721276781762, -34.570768798789409 ], [ -58.399659399690151, -34.57049533548031 ], [ -58.399669862686004, -34.570262348080149 ], [ -58.399777046119773, -34.569981500916725 ], [ -58.399989620801186, -34.569617391662433 ], [ -58.400127570904537, -34.569356443486626 ], [ -58.399341133416314, -34.569877815086421 ], [ -58.398977080157707, -34.570057202738234 ], [ -58.39880024928847, -34.570149468133089 ], [ -58.398353220584283, -34.57040453236295 ], [ -58.395206925866482, -34.572197844964712 ], [ -58.394821579511998, -34.572312980626293 ], [ -58.394453092020299, -34.572303364533703 ], [ -58.394323471006793, -34.572295240101312 ], [ -58.394193850045298, -34.572287115532902 ], [ -58.393923806541999, -34.572270188912043 ], [ -58.393178896951959, -34.572219000928108 ], [ -58.393053289877756, -34.572107785319638 ], [ -58.392995438132978, -34.572027775820068 ], [ -58.390658500708135, -34.57340441122507 ], [ -58.389406494718195, -34.574085223765202 ], [ -58.387965997250781, -34.574866524368005 ], [ -58.386703912204872, -34.573228242011872 ], [ -58.391204477808699, -34.570706844103995 ], [ -58.391189834563399, -34.570629543247037 ], [ -58.39120506067519, -34.570522663618405 ], [ -58.391277647655073, -34.570441846176749 ], [ -58.391193944597376, -34.570288325494339 ], [ -58.391035372295136, -34.570062713697872 ], [ -58.390907314880138, -34.569978301209446 ], [ -58.3908386651608, -34.56989761383408 ], [ -58.390747184680365, -34.569828974079023 ], [ -58.390684754706953, -34.569739690462647 ], [ -58.390628953735295, -34.569637343225068 ], [ -58.390520374635145, -34.569518207069684 ], [ -58.390482901243097, -34.569452953839544 ], [ -58.390404757533879, -34.569416601870302 ], [ -58.390300429565279, -34.56936962165301 ], [ -58.390240613167599, -34.569370363644396 ], [ -58.390190779187407, -34.569380717800776 ], [ -58.390039152041247, -34.569375702116453 ], [ -58.389872551392813, -34.569356267920909 ], [ -58.389726325012838, -34.56935159054408 ], [ -58.389602520094925, -34.569339332988214 ], [ -58.389429700182497, -34.569328494321539 ], [ -58.389226114565474, -34.569297753457455 ], [ -58.38899347866024, -34.569287655648388 ], [ -58.388735068361704, -34.569262461478864 ], [ -58.388631637813752, -34.569264960137282 ], [ -58.388569774075599, -34.569288038316657 ], [ -58.388509548369818, -34.569293246856233 ], [ -58.388471334606173, -34.569295342983274 ], [ -58.388380343351834, -34.569280649328157 ], [ -58.388292705111759, -34.569288631363797 ], [ -58.388191731782634, -34.569264325251346 ], [ -58.388083310242408, -34.569262017273822 ], [ -58.387993547775125, -34.569233921153177 ], [ -58.387890526909246, -34.56923195178296 ], [ -58.387789553828974, -34.569207645358276 ], [ -58.387626716978751, -34.569206416526029 ], [ -58.387421494618252, -34.569193542303545 ], [ -58.387179287476556, -34.569169361298755 ], [ -58.38705425492978, -34.569170503370408 ], [ -58.386876035819363, -34.569159322318292 ], [ -58.386699045636881, -34.569134738862864 ], [ -58.386530808655507, -34.569133169740496 ], [ -58.386309794927676, -34.569114809776984 ], [ -58.386084200094984, -34.569087175811894 ], [ -58.385986580329643, -34.569085543702904 ], [ -58.385872758902693, -34.569082894914352 ], [ -58.385698227431227, -34.569031505816859 ], [ -58.385520418854057, -34.569015855454005 ], [ -58.385291957050661, -34.569019491654409 ], [ -58.385102937906652, -34.569007630270519 ], [ -58.384951722670934, -34.568998140955159 ], [ -58.384812537711952, -34.568975927194991 ], [ -58.384586534565237, -34.568952757903986 ], [ -58.384429099622402, -34.568951863749092 ], [ -58.384214307582489, -34.568924904285403 ], [ -58.384004096777865, -34.568907218114227 ], [ -58.383799286653804, -34.568889870545938 ], [ -58.383813218479737, -34.568737980575634 ], [ -58.383806031619336, -34.568638681961339 ], [ -58.38370621676841, -34.56854255579028 ], [ -58.383622677172383, -34.568505860969324 ], [ -58.383427366468979, -34.568444178381007 ], [ -58.383169782310034, -34.568410038159378 ], [ -58.382752306201233, -34.568401805268905 ], [ -58.38251762686221, -34.568414032099163 ], [ -58.382136315139363, -34.568426039490589 ], [ -58.38196186072755, -34.56843305983449 ], [ -58.381696418145125, -34.568425381502131 ], [ -58.38151034313983, -34.568440657752483 ], [ -58.381298567388143, -34.568499250712684 ], [ -58.381111334327677, -34.568586342576573 ], [ -58.381010990041247, -34.568732806347683 ], [ -58.380980031842064, -34.568892612721108 ], [ -58.380954473961225, -34.569052758155365 ], [ -58.38082416948599, -34.570176827578798 ], [ -58.380344339319876, -34.570137712104845 ], [ -58.380325255433711, -34.568451617172485 ], [ -58.380119005256525, -34.56827242295951 ], [ -58.379933269757267, -34.568224815292474 ], [ -58.378060966409713, -34.568089256277801 ], [ -58.376348087857806, -34.567873823427334 ], [ -58.36810910624709, -34.567158234417313 ], [ -58.368122968939318, -34.567302882649976 ], [ -58.374573216518179, -34.567919560065711 ], [ -58.374802896515604, -34.568257491563408 ], [ -58.375037433438884, -34.56848340201298 ], [ -58.375069830382792, -34.568840387709372 ], [ -58.375059023867593, -34.569194658664607 ], [ -58.374823039018288, -34.569516807653535 ], [ -58.374409857924817, -34.569994062998205 ], [ -58.373927086619126, -34.570282728647726 ], [ -58.373780651885781, -34.570457739922027 ], [ -58.373732855349857, -34.57080069958154 ], [ -58.373568231934676, -34.571055441970309 ], [ -58.373405593215608, -34.571229434217045 ], [ -58.373158941436174, -34.571312778001811 ], [ -58.371768131694452, -34.571256802393997 ], [ -58.371501043488792, -34.571266969448715 ], [ -58.371411070096286, -34.571418568838617 ], [ -58.376176967943984, -34.571807964051779 ], [ -58.371085764044366, -34.574781364977504 ], [ -58.371142362371451, -34.574874784108097 ], [ -58.376702674150543, -34.57164329893304 ], [ -58.378912384335855, -34.570411723149306 ], [ -58.380338954708201, -34.570492325582087 ], [ -58.380294125619464, -34.570862434407807 ], [ -58.380458067603755, -34.571088395818592 ], [ -58.378338456767423, -34.572285222612862 ], [ -58.378315213655171, -34.572301734867033 ], [ -58.378297371207225, -34.572318586345787 ], [ -58.378289509883444, -34.572345050866367 ], [ -58.378247950086802, -34.572679419258527 ], [ -58.378250479970724, -34.572711029531824 ], [ -58.378259640903494, -34.572729577167379 ], [ -58.378279603241566, -34.572748803272546 ], [ -58.378300385817674, -34.572759094792467 ], [ -58.378321168399438, -34.572769386309481 ], [ -58.378358563210362, -34.572776228226729 ], [ -58.37841257025287, -34.572779620528785 ], [ -58.378455365786934, -34.572786801646572 ], [ -58.383524282052427, -34.573190450478641 ], [ -58.383545885236856, -34.573191806502081 ], [ -58.383577880177498, -34.573198307876659 ], [ -58.383597844015227, -34.573217533277777 ], [ -58.383601195623889, -34.573240209014578 ], [ -58.383587670913712, -34.573387631451709 ], [ -58.383573180715466, -34.573427159557625 ], [ -58.383555748749636, -34.573439544576246 ], [ -58.383045975877927, -34.573726553209518 ], [ -58.38189400173605, -34.574382110230552 ], [ -58.381871168482391, -34.574394155857476 ], [ -58.381848335222635, -34.574406201479121 ], [ -58.381825911907889, -34.574413779768342 ], [ -58.381793506788043, -34.574411745212494 ], [ -58.381766502524016, -34.574410049742887 ], [ -58.376115073853654, -34.573960736405603 ], [ -58.375516821779414, -34.573909666341194 ], [ -58.37543874970121, -34.573931718747708 ], [ -58.373294115459721, -34.575162818218921 ], [ -58.370760813770957, -34.576603074013818 ], [ -58.370742968895492, -34.576619924050668 ], [ -58.370695214763465, -34.577021293676054 ], [ -58.370698562712583, -34.577043969327185 ], [ -58.370718523901807, -34.577063196588789 ], [ -58.370745117740221, -34.577069361825551 ], [ -58.370772122166741, -34.577071059847285 ], [ -58.376008628761092, -34.577485581815985 ], [ -58.376035633655555, -34.577487278690903 ], [ -58.376061817939004, -34.577497910089377 ], [ -58.376070158061154, -34.577525392424391 ], [ -58.376048755039783, -34.577699276369771 ], [ -58.376041712803108, -34.577716806051548 ], [ -58.376018057265327, -34.577737784865803 ], [ -58.375164477117572, -34.5782188184007 ], [ -58.374305076177549, -34.578703972374186 ], [ -58.37385335751992, -34.578949655876627 ], [ -58.373974839132011, -34.579105561869291 ], [ -58.375130544364083, -34.580539589788756 ], [ -58.376013208727429, -34.580037920351444 ], [ -58.376162255633787, -34.579952932055733 ], [ -58.379841683496167, -34.580170599870648 ], [ -58.382038687086528, -34.57890223445672 ], [ -58.382858607628116, -34.578432515488842 ], [ -58.383018448124524, -34.578348195577405 ], [ -58.383216506093923, -34.578261781521036 ], [ -58.38337224668917, -34.578222134451309 ], [ -58.383553763015613, -34.578197584429567 ], [ -58.383739040780306, -34.578191242538182 ], [ -58.383920147136671, -34.578171159287734 ], [ -58.384106244693463, -34.578155882125124 ], [ -58.384269917978351, -34.578148183306482 ], [ -58.384460187046678, -34.578146646652421 ], [ -58.384713220470012, -34.578171514439177 ], [ -58.385409967395894, -34.57821524298506 ], [ -58.385615210962563, -34.578228123512922 ], [ -58.385697457602703, -34.57821980574294 ], [ -58.38618143840737, -34.578214232669808 ], [ -58.386407467445785, -34.578237402333301 ], [ -58.38653653688867, -34.578133174211828 ], [ -58.38676077798322, -34.578057383107215 ], [ -58.386838033069637, -34.57804425824051 ], [ -58.389171339048922, -34.578190641475416 ], [ -58.389203746194831, -34.578192674265573 ], [ -58.389487961461938, -34.578232967232928 ], [ -58.389780035840715, -34.578246793893705 ], [ -58.389845259852414, -34.578246391739782 ], [ -58.389921286277797, -34.578246667083619 ], [ -58.389958761861998, -34.578311920940422 ], [ -58.390154408780198, -34.578607257045 ], [ -58.390240163095029, -34.578738442212924 ], [ -58.39025931065737, -34.578766601710676 ], [ -58.390397926057155, -34.578972991735682 ], [ -58.390622297478295, -34.579310566742343 ], [ -58.390741766646407, -34.579488797122643 ], [ -58.39085624452067, -34.579662221296424 ], [ -58.390942410369455, -34.579788938832252 ], [ -58.391071454820683, -34.579981248794496 ], [ -58.391225868393605, -34.580193122009646 ], [ -58.391655886071909, -34.580835643669488 ], [ -58.391628060057265, -34.580842884958408 ], [ -58.39153377920325, -34.580863931348894 ], [ -58.391461103889775, -34.580886332543997 ], [ -58.391393829938501, -34.580909072414222 ], [ -58.39134316968395, -34.580928361000076 ], [ -58.39129209986438, -34.580952116983021 ], [ -58.391172527296753, -34.581012014931119 ], [ -58.391098213563275, -34.581052285556375 ], [ -58.391046734049766, -34.58108050883525 ], [ -58.390921350175482, -34.581144535163318 ], [ -58.390800957953545, -34.58121336750456 ], [ -58.390720832893997, -34.581257766512287 ], [ -58.390669762723356, -34.581281522181627 ], [ -58.390612471942873, -34.58131387389215 ], [ -58.390549779707932, -34.581345886804655 ], [ -58.390430206116243, -34.581405783871752 ], [ -58.390190648842221, -34.581530044991723 ], [ -58.390025405658761, -34.581614035767124 ], [ -58.38993406737201, -34.58166222397174 ], [ -58.389774225132129, -34.581746553129705 ], [ -58.389608981157529, -34.581830543222509 ], [ -58.389500209159088, -34.581891116808194 ], [ -58.389357389737917, -34.581967526944595 ], [ -58.389168900499584, -34.582068030620832 ], [ -58.389060127907179, -34.582128603726424 ], [ -58.388934741135984, -34.582192627579296 ], [ -58.388791511044779, -34.582273504303693 ], [ -58.388631666621642, -34.58235783163979 ], [ -58.388442766012503, -34.582462801340128 ], [ -58.388391284834057, -34.582491023251613 ], [ -58.388344795356844, -34.582524051398714 ], [ -58.388089922067657, -34.582696771026768 ], [ -58.387875316622377, -34.582845057951097 ], [ -58.387414178608232, -34.583193544312614 ], [ -58.386962610323273, -34.583556108409162 ], [ -58.386736041893784, -34.583775531766292 ], [ -58.38664641251372, -34.583864262211669 ], [ -58.386423194625429, -34.584106360566174 ], [ -58.385976344863039, -34.584595022883491 ], [ -58.385600457343955, -34.585020740677102 ], [ -58.385327533799902, -34.585390016410621 ], [ -58.385059333837724, -34.585885394222004 ], [ -58.384713528920663, -34.586456775455154 ], [ -58.384509731222636, -34.58696068728338 ], [ -58.384318764882607, -34.587087985181377 ], [ -58.383837210533699, -34.587421694395061 ], [ -58.38368316309144, -34.587501884980043 ], [ -58.383845838347057, -34.587682834734622 ], [ -58.384949497855338, -34.58879900523565 ], [ -58.385939601530758, -34.589791220254341 ], [ -58.386918924354312, -34.590782752215745 ], [ -58.387881843423152, -34.591598017699248 ], [ -58.387952963271751, -34.591651904429348 ], [ -58.387567192323964, -34.592836340624977 ], [ -58.387312124234207, -34.594550176689395 ], [ -58.387291890542201, -34.594652248152855 ], [ -58.387271656776726, -34.594754319606238 ], [ -58.387181653729201, -34.595557428878053 ], [ -58.387159851846413, -34.595735784550875 ], [ -58.38713018750807, -34.595940605369329 ], [ -58.387060365585384, -34.596938184254718 ], [ -58.387065502293659, -34.597059820284564 ], [ -58.38706564660864, -34.597176649896355 ], [ -58.386972980075619, -34.598186274311125 ], [ -58.386958146688684, -34.598288684608704 ], [ -58.386947075536249, -34.59840930342277 ], [ -58.386865475012534, -34.599298308586675 ], [ -58.387953024931925, -34.599348589609356 ], [ -58.388147516601592, -34.599360794655539 ], [ -58.389482768559084, -34.599435591795391 ], [ -58.389666455981882, -34.599447116513652 ], [ -58.390141882736913, -34.599476943927641 ], [ -58.391378666265915, -34.599559021824241 ], [ -58.391551549565712, -34.599569865972704 ], [ -58.39293044588905, -34.59964286935783 ], [ -58.394399477016876, -34.599681070375546 ], [ -58.394714059680446, -34.59968731518785 ], [ -58.395815305400816, -34.599706931887624 ], [ -58.397187506824586, -34.599734535343217 ], [ -58.398722202774167, -34.59976781272298 ], [ -58.39991964500652, -34.599627173297186 ], [ -58.401073454306356, -34.599488281336555 ], [ -58.401210568805276, -34.599474405043232 ], [ -58.402007469574031, -34.599376049268535 ], [ -58.402475865266524, -34.599126811656276 ], [ -58.403081697789297, -34.598800809460215 ], [ -58.40372157856293, -34.59845896341227 ], [ -58.404509696788629, -34.598041025507833 ], [ -58.404732433557314, -34.59804149251282 ], [ -58.405585153617146, -34.598045456295239 ], [ -58.406627787218532, -34.598052315905676 ], [ -58.408147088260108, -34.59807551998734 ], [ -58.408722230032794, -34.59808455471358 ], [ -58.409427855738599, -34.598092765308245 ], [ -58.410296791093863, -34.598097710079735 ], [ -58.411918576065062, -34.598010455330474 ], [ -58.412093507905944, -34.597998931822708 ], [ -58.412987734959714, -34.597965000211659 ], [ -58.41325492262235, -34.597954751836205 ] ] ] ] } },
{ "type": "Feature", "properties": { "fid": 54, "cpr": "02", "jur": "Ciudad Autónoma de Buenos Aires", "cde": "02105", "gna": "Comuna", "nam": "Comuna 15" }, "geometry": { "type": "MultiPolygon", "coordinates": [ [ [ [ -58.476973639351215, -34.601590515019105 ], [ -58.477498881686813, -34.600832242276802 ], [ -58.476733978453119, -34.600398374441674 ], [ -58.476537552896339, -34.600287337621104 ], [ -58.476457037493638, -34.600246396919637 ], [ -58.476403540735987, -34.60020713179582 ], [ -58.476916757816227, -34.600090675917343 ], [ -58.477265701657551, -34.600017952427244 ], [ -58.477728662781985, -34.599916350242836 ], [ -58.478543267127677, -34.599742186172094 ], [ -58.478831957816979, -34.599674709123185 ], [ -58.479747868843731, -34.599282145235016 ], [ -58.480324564582752, -34.599034805739748 ], [ -58.480782514738976, -34.598838518220951 ], [ -58.482128525387893, -34.598256905983099 ], [ -58.482917562807266, -34.597914868412531 ], [ -58.483038592199009, -34.597778577099376 ], [ -58.48485527310536, -34.597639491443253 ], [ -58.486132812210386, -34.597543376547875 ], [ -58.48648850206181, -34.597515977242765 ], [ -58.486682760311965, -34.597501046923483 ], [ -58.487145035629553, -34.597466765968065 ], [ -58.487355504852538, -34.597452838408358 ], [ -58.487798462614819, -34.597421852132179 ], [ -58.488544965868712, -34.597369216998125 ], [ -58.489528956645344, -34.597304318311423 ], [ -58.490188191645323, -34.597255257278533 ], [ -58.491218518172616, -34.597188719163157 ], [ -58.49248984298314, -34.597101137542502 ], [ -58.492910781234613, -34.597073262918684 ], [ -58.493419391946965, -34.597037330906716 ], [ -58.494717735058487, -34.596951396913319 ], [ -58.496786493245025, -34.596818733644604 ], [ -58.497177179716907, -34.596824920850374 ], [ -58.498386262389509, -34.596373946092562 ], [ -58.499553189819231, -34.595938326186669 ], [ -58.499715957371443, -34.595880985868611 ], [ -58.500126587124718, -34.595726629653399 ], [ -58.500711193226294, -34.59551112948521 ], [ -58.50179381333389, -34.595106223083008 ], [ -58.502758101449416, -34.594747916351672 ], [ -58.502878722324027, -34.594705941116942 ], [ -58.503182634379669, -34.594589914475883 ], [ -58.503545303023515, -34.594455049764591 ], [ -58.503084220926269, -34.594386118651528 ], [ -58.503473131780879, -34.593960796748611 ], [ -58.503313693716855, -34.593861075116891 ], [ -58.502142919956839, -34.593137170164887 ], [ -58.501929170621651, -34.593007129538329 ], [ -58.500817331705413, -34.592322803377151 ], [ -58.499487175243914, -34.591499154262948 ], [ -58.498203253038, -34.590705311725856 ], [ -58.497068376085814, -34.590006050043236 ], [ -58.495928520086963, -34.589301977472971 ], [ -58.495593876631048, -34.589097047695141 ], [ -58.495362450086546, -34.588952422970777 ], [ -58.49479678922463, -34.588598397935087 ], [ -58.494225326125431, -34.58824850511801 ], [ -58.493891095730604, -34.58803910322095 ], [ -58.49366507853469, -34.587894810246247 ], [ -58.492541896842155, -34.587187247388911 ], [ -58.491971262454797, -34.586828409437175 ], [ -58.49141333223092, -34.586479342193151 ], [ -58.490850812543727, -34.586121001704697 ], [ -58.490287893624831, -34.585767127663466 ], [ -58.4895605777307, -34.585308713190884 ], [ -58.488969572026924, -34.584935121404818 ], [ -58.488794770646585, -34.584825444876024 ], [ -58.488105841736711, -34.584423320396581 ], [ -58.487034504868468, -34.583804297443763 ], [ -58.485960888139381, -34.583180631352683 ], [ -58.485826484994661, -34.583104906766273 ], [ -58.485095983233386, -34.582682218724834 ], [ -58.484747889422998, -34.582476429262357 ], [ -58.484123298222173, -34.582114216666014 ], [ -58.48313482421753, -34.581540736100088 ], [ -58.483013528455899, -34.581470314096585 ], [ -58.482146364727399, -34.580967249194522 ], [ -58.481129824977948, -34.580374041421678 ], [ -58.480995836100682, -34.580293844252658 ], [ -58.480484871811008, -34.579997070030331 ], [ -58.480185291837259, -34.579825729066613 ], [ -58.479232668367061, -34.579276908691988 ], [ -58.478990495952075, -34.579131590114784 ], [ -58.478655130225242, -34.578935560678289 ], [ -58.47820077541747, -34.578673740480426 ], [ -58.477774516895707, -34.578431634067783 ], [ -58.477335160177297, -34.578184220910728 ], [ -58.477151881707776, -34.578078497296573 ], [ -58.475596669008127, -34.577195728040095 ], [ -58.475007547758722, -34.57686263302751 ], [ -58.474852772484802, -34.576772153988806 ], [ -58.474620205225683, -34.576640903430579 ], [ -58.473829725448851, -34.576191967919257 ], [ -58.473684541919482, -34.576115562622277 ], [ -58.473547461846252, -34.576039659755104 ], [ -58.47288907589985, -34.575661818933042 ], [ -58.472744704503562, -34.575576476191756 ], [ -58.471960053521968, -34.575123397853666 ], [ -58.471807581094922, -34.575037551572414 ], [ -58.470867364456538, -34.574502921921621 ], [ -58.469927160728112, -34.573968286506748 ], [ -58.469134439454592, -34.573514690960877 ], [ -58.46829014069683, -34.573030929429684 ], [ -58.468083388941999, -34.572914749902047 ], [ -58.467365772491803, -34.572501752316526 ], [ -58.46603754751856, -34.573340443655447 ], [ -58.464991830851417, -34.573998951783786 ], [ -58.463356711405559, -34.575016262264519 ], [ -58.463190726846179, -34.575109300978482 ], [ -58.462378437033536, -34.576038402260934 ], [ -58.462249313104046, -34.57617416929574 ], [ -58.461607199288842, -34.576844233047559 ], [ -58.460548242019456, -34.577946716882678 ], [ -58.460225548895686, -34.578299615595036 ], [ -58.460103190217772, -34.578300999571958 ], [ -58.459696270483526, -34.578325141685411 ], [ -58.458540742221814, -34.578397120265983 ], [ -58.457746216083677, -34.578442099374683 ], [ -58.45734238710952, -34.578551799023806 ], [ -58.457164243082282, -34.578599139196044 ], [ -58.455972469360326, -34.578920466506659 ], [ -58.455401295215459, -34.579078168647257 ], [ -58.454864420658687, -34.579246987326293 ], [ -58.453535122292998, -34.579676564337404 ], [ -58.453020662214612, -34.579837781532632 ], [ -58.45219500821436, -34.580105452854411 ], [ -58.452024556027283, -34.580157756712666 ], [ -58.451019933916612, -34.580481686587703 ], [ -58.450952264102128, -34.580508929896894 ], [ -58.449999886852154, -34.580885527467885 ], [ -58.449596971359995, -34.581044682759227 ], [ -58.449442316143568, -34.581102458977185 ], [ -58.449192166338534, -34.58119473237111 ], [ -58.448461434545379, -34.581463789683518 ], [ -58.448394169787363, -34.581486563327822 ], [ -58.448281655284376, -34.581528987321896 ], [ -58.44709435164107, -34.582039218040727 ], [ -58.445788302533458, -34.582600456132113 ], [ -58.444450898527222, -34.583177699503452 ], [ -58.444400244964932, -34.583197011805971 ], [ -58.444787809076068, -34.584519709238798 ], [ -58.444586380113883, -34.584673418635688 ], [ -58.443479020564261, -34.585408758702044 ], [ -58.44242703339026, -34.586102603386202 ], [ -58.441397859625781, -34.586784379022099 ], [ -58.441091183866241, -34.586989937786655 ], [ -58.440157641614213, -34.58760576665513 ], [ -58.43939134168442, -34.58811518393442 ], [ -58.43853600132001, -34.588677459060804 ], [ -58.438461290427782, -34.588722228880009 ], [ -58.438438051897933, -34.588738753678683 ], [ -58.438409410864381, -34.588754941762545 ], [ -58.438374553037761, -34.588779728939656 ], [ -58.438328483050526, -34.588808310583524 ], [ -58.438311054117051, -34.588820704158977 ], [ -58.438252957635079, -34.588862016053874 ], [ -58.438125552334533, -34.58894843419418 ], [ -58.43805043382995, -34.588997671600907 ], [ -58.437124544343533, -34.589618444081154 ], [ -58.436175401994078, -34.59025573188957 ], [ -58.436036780074865, -34.590345941497944 ], [ -58.435313801793107, -34.590826577354228 ], [ -58.434365447275425, -34.591454911559829 ], [ -58.434134268359976, -34.591606745750319 ], [ -58.433446129337923, -34.592062581955759 ], [ -58.432358710107131, -34.592785569942684 ], [ -58.431218979665353, -34.593545722500309 ], [ -58.430281777995575, -34.594170222793387 ], [ -58.430062613003123, -34.59430931799303 ], [ -58.429348639795073, -34.594750035875997 ], [ -58.429170145355883, -34.594860214531266 ], [ -58.428088363562679, -34.595520605164893 ], [ -58.427023589501502, -34.596173060105215 ], [ -58.426948866148201, -34.596217821096452 ], [ -58.426242103760408, -34.596519677909207 ], [ -58.426026597667992, -34.596618554119246 ], [ -58.424844674848082, -34.597065970979187 ], [ -58.423537446481134, -34.597635852993314 ], [ -58.423368928536185, -34.597755631615378 ], [ -58.423748045124299, -34.597828735303814 ], [ -58.424956973560661, -34.597859299915839 ], [ -58.426301794375256, -34.597889350121051 ], [ -58.426441454841623, -34.597907055985509 ], [ -58.426565314494532, -34.597919281985732 ], [ -58.426785203457044, -34.597950982670923 ], [ -58.427776996022963, -34.5983364093509 ], [ -58.427855593638057, -34.598368274983258 ], [ -58.427991177111551, -34.598430657109212 ], [ -58.428550130116612, -34.598676728247362 ], [ -58.429221021219583, -34.599006168390787 ], [ -58.429432351582953, -34.599131688662084 ], [ -58.429648372194599, -34.59932490013724 ], [ -58.430150759059934, -34.599774124253734 ], [ -58.430191129652613, -34.599808096285258 ], [ -58.430276050811727, -34.599889780926382 ], [ -58.431039331180017, -34.60075518207092 ], [ -58.431870933826154, -34.601705720898167 ], [ -58.432201153362712, -34.602076797589618 ], [ -58.432244483112207, -34.602137913280657 ], [ -58.433143788749675, -34.602584929558461 ], [ -58.433336374567006, -34.602677821791332 ], [ -58.433866727439444, -34.602940060165331 ], [ -58.433913319657684, -34.602965432679042 ], [ -58.434974444595277, -34.603485435543277 ], [ -58.435150417158752, -34.603581782314748 ], [ -58.435337197005403, -34.603678802826245 ], [ -58.436618360385815, -34.604288900219949 ], [ -58.43705595480052, -34.604495915928517 ], [ -58.437175345887617, -34.604557279212109 ], [ -58.437974893720387, -34.604966589910354 ], [ -58.439203543929857, -34.605586868330839 ], [ -58.439285670254144, -34.60560996057427 ], [ -58.43996659180354, -34.605800680165082 ], [ -58.440159750848082, -34.605857651771331 ], [ -58.440244986935433, -34.605876443906169 ], [ -58.441467312499256, -34.606208735567982 ], [ -58.441599960692344, -34.606243961097313 ], [ -58.442825001336438, -34.606576408761235 ], [ -58.44298156047325, -34.606617615852251 ], [ -58.444167714957693, -34.606929654543393 ], [ -58.445133694271867, -34.607183035722379 ], [ -58.445265939228463, -34.60722272558624 ], [ -58.445679553096106, -34.607365312155885 ], [ -58.446248623562468, -34.607620924886113 ], [ -58.446629366754145, -34.607527808643979 ], [ -58.447041051149512, -34.607423137812781 ], [ -58.449062302090795, -34.606919914026342 ], [ -58.449290367503671, -34.606862217769077 ], [ -58.450238158183005, -34.606629146191075 ], [ -58.450658348070654, -34.606520498320229 ], [ -58.450739143666148, -34.606498566765119 ], [ -58.451050704651237, -34.606419103400285 ], [ -58.45150953286133, -34.606303870311564 ], [ -58.452015919046168, -34.606173621341298 ], [ -58.452430701532599, -34.606064630437189 ], [ -58.452959513854601, -34.605926785973232 ], [ -58.453070435972833, -34.605902233807669 ], [ -58.454002811788072, -34.605659185110525 ], [ -58.454982741496451, -34.605401113225554 ], [ -58.455525463116807, -34.605259628623571 ], [ -58.455803781334652, -34.60518707137642 ], [ -58.456563344281165, -34.604991667348365 ], [ -58.458079759931699, -34.604600675556107 ], [ -58.458474804236673, -34.604499422103224 ], [ -58.458936724365074, -34.604379857900042 ], [ -58.460021738969424, -34.6041013150476 ], [ -58.460124552011585, -34.604076251980601 ], [ -58.460539317959054, -34.603967230434385 ], [ -58.461470847410361, -34.603733054581205 ], [ -58.461590683278324, -34.603700061319181 ], [ -58.462110554121402, -34.603570605350576 ], [ -58.462911840254542, -34.603364271406484 ], [ -58.463073421482875, -34.603320390173636 ], [ -58.464360928752974, -34.602995972868086 ], [ -58.4649476674075, -34.602848190823877 ], [ -58.46527852615511, -34.602765393754446 ], [ -58.465798388031665, -34.602635920377921 ], [ -58.466084797985417, -34.602563840509006 ], [ -58.467335539649689, -34.602255079762003 ], [ -58.467494009701561, -34.602215492447648 ], [ -58.468767169646689, -34.601899121204504 ], [ -58.468914019784727, -34.60186779732004 ], [ -58.469294146810988, -34.602169986315324 ], [ -58.470195176064401, -34.602810059854157 ], [ -58.470435906351071, -34.602941830586929 ], [ -58.471610779207353, -34.603828055706714 ], [ -58.471711287970209, -34.603888214194768 ], [ -58.471803691041998, -34.603947869579756 ], [ -58.472650051433952, -34.604472199195307 ], [ -58.472902273129819, -34.604627145703752 ], [ -58.473041285960264, -34.604712159463084 ], [ -58.474018977225334, -34.60531652411882 ], [ -58.474934722858144, -34.604178084136834 ], [ -58.475706830373611, -34.603214956897197 ], [ -58.475737498118541, -34.603176418249021 ], [ -58.476383810305002, -34.602371739836855 ], [ -58.476973639351215, -34.601590515019105 ] ] ] ] } },
{ "type": "Feature", "properties": { "fid": 73, "cpr": "02", "jur": "Ciudad Autónoma de Buenos Aires", "cde": "02091", "gna": "Comuna", "nam": "Comuna 13" }, "geometry": { "type": "MultiPolygon", "coordinates": [ [ [ [ -58.471177433912246, -34.569255903714847 ], [ -58.471962141696281, -34.56832951467959 ], [ -58.472783289915945, -34.567360445518389 ], [ -58.473370139861132, -34.566668910557318 ], [ -58.473004046378946, -34.566452990629422 ], [ -58.472743825432254, -34.566297556714595 ], [ -58.472529788804522, -34.566171947104898 ], [ -58.472462809636838, -34.566131845770322 ], [ -58.471372381822846, -34.565457602427493 ], [ -58.470649536375873, -34.5650128501537 ], [ -58.470439422471074, -34.564874000443126 ], [ -58.469611262124744, -34.564332841397189 ], [ -58.468611084100147, -34.563682149038598 ], [ -58.467649810662977, -34.563051837316522 ], [ -58.467542868606685, -34.562973306472458 ], [ -58.466578509324187, -34.562257421731161 ], [ -58.466491552915279, -34.562198104037314 ], [ -58.46691527760791, -34.562017708340719 ], [ -58.467686160607627, -34.561692600864006 ], [ -58.467038306522809, -34.561319884804625 ], [ -58.467738975223355, -34.560541081456243 ], [ -58.468467175319965, -34.559728034512467 ], [ -58.468932065107296, -34.559213181593059 ], [ -58.469185638798741, -34.558932351655102 ], [ -58.469649709192275, -34.558426431306955 ], [ -58.470070432060453, -34.557949273385312 ], [ -58.470872707736817, -34.5570374563831 ], [ -58.471557094394605, -34.556167748511861 ], [ -58.47185155555524, -34.555795086579423 ], [ -58.472450999329411, -34.555023452195684 ], [ -58.472743561031379, -34.554641683000419 ], [ -58.472983737590759, -34.55432855884689 ], [ -58.473587477855297, -34.553539210316657 ], [ -58.474437580413586, -34.552428126993107 ], [ -58.473574129266304, -34.551947722515571 ], [ -58.472705288288502, -34.551466978274156 ], [ -58.471864541546005, -34.551005944206501 ], [ -58.471008817969462, -34.55053049584081 ], [ -58.470158100404518, -34.550059845914667 ], [ -58.469304692984991, -34.549589023732402 ], [ -58.468373125888952, -34.549081893344237 ], [ -58.468190053501225, -34.548944720626963 ], [ -58.468226504694741, -34.548902048507216 ], [ -58.468508527034722, -34.548546596158296 ], [ -58.468554293028838, -34.548491021706376 ], [ -58.468664859988245, -34.548349600069159 ], [ -58.468719940862464, -34.548281123319107 ], [ -58.468848732455903, -34.548118365257189 ], [ -58.469130344203819, -34.547767379011418 ], [ -58.469401152982456, -34.547415721820151 ], [ -58.469941953483435, -34.546721341240918 ], [ -58.470432390521012, -34.546073261113143 ], [ -58.471014072440866, -34.545287049249509 ], [ -58.471537562054266, -34.544573612687564 ], [ -58.47209438390432, -34.543821799703451 ], [ -58.472694254607312, -34.54301423864532 ], [ -58.473235935642961, -34.542279453849801 ], [ -58.473786515167376, -34.541536230870342 ], [ -58.474355710487067, -34.540767198347048 ], [ -58.474927998718677, -34.539993860778971 ], [ -58.475413355238331, -34.539340947108755 ], [ -58.475766160377752, -34.538832591842713 ], [ -58.474081245392838, -34.538130541694002 ], [ -58.473550168284085, -34.537908899185709 ], [ -58.472481410364935, -34.537478678381163 ], [ -58.471603680360218, -34.537127694352684 ], [ -58.470264418642991, -34.536536894289235 ], [ -58.469985256448133, -34.536411740495176 ], [ -58.468283576939456, -34.535686108765965 ], [ -58.467204216846241, -34.535223733395888 ], [ -58.467180729155515, -34.535213289483416 ], [ -58.46645423581878, -34.534961520612256 ], [ -58.464481715128969, -34.534349340973392 ], [ -58.464385742453786, -34.534329904564402 ], [ -58.464200681412706, -34.53430493883743 ], [ -58.464044911707347, -34.534286284186585 ], [ -58.463633755643095, -34.534269751212413 ], [ -58.463484605605295, -34.533249491211322 ], [ -58.461536631840374, -34.530720136863273 ], [ -58.461474006288178, -34.530572462091527 ], [ -58.461421099543571, -34.530407417362746 ], [ -58.461438651286535, -34.530183840375152 ], [ -58.461252258721935, -34.529844254801617 ], [ -58.461198275364239, -34.52957130322752 ], [ -58.460838039734298, -34.529202950536018 ], [ -58.460597390475591, -34.52892290217801 ], [ -58.460214488391713, -34.528445300754179 ], [ -58.459917427472064, -34.528098841967399 ], [ -58.459620096555227, -34.527815272416973 ], [ -58.45961214136846, -34.527603592111134 ], [ -58.459560995771056, -34.527389229780113 ], [ -58.459464760351054, -34.527432680283688 ], [ -58.459452883712636, -34.527413969457335 ], [ -58.459297946503462, -34.527206641648043 ], [ -58.459281076244572, -34.527183127381441 ], [ -58.45925151924547, -34.527149838613575 ], [ -58.459201987566857, -34.527097336102585 ], [ -58.45914935146812, -34.527049134110911 ], [ -58.459090911567394, -34.527005064998292 ], [ -58.459026667868031, -34.526965128756324 ], [ -58.458906278792732, -34.526885759112929 ], [ -58.458785889956914, -34.526806389379232 ], [ -58.458706260578381, -34.526756510829159 ], [ -58.458623931931491, -34.526706464594007 ], [ -58.458534989282192, -34.526669487503298 ], [ -58.45844604672174, -34.526632510357317 ], [ -58.458322012526445, -34.526593353694089 ], [ -58.458194873967074, -34.526558497421689 ], [ -58.4580669252422, -34.526532577340667 ], [ -58.457935466955114, -34.526515425783636 ], [ -58.457806708105885, -34.526498441752821 ], [ -58.45771182546131, -34.526497041688543 ], [ -58.45761694283398, -34.526495641550071 ], [ -58.457523949226776, -34.526503345306239 ], [ -58.457430145252964, -34.526519985286683 ], [ -58.45733904060976, -34.526536792862174 ], [ -58.457249824913752, -34.526562704333394 ], [ -58.457165602687681, -34.526593419231482 ], [ -58.457040484860144, -34.526626087018244 ], [ -58.456920360457985, -34.526663558171414 ], [ -58.456804824245516, -34.526710300846609 ], [ -58.456717497171255, -34.526745315847329 ], [ -58.456634758293688, -34.526789602435613 ], [ -58.456557418053549, -34.52683422433833 ], [ -58.456123067984336, -34.527103799212469 ], [ -58.455993491193183, -34.527185615236313 ], [ -58.455637289489623, -34.527401630224361 ], [ -58.45560907988952, -34.527413357469641 ], [ -58.455580464988408, -34.527429552836615 ], [ -58.455556843527944, -34.527450551756473 ], [ -58.455538620803658, -34.527471886103385 ], [ -58.455443591745087, -34.527591794442493 ], [ -58.455046060227332, -34.528083824681723 ], [ -58.454636509968928, -34.528588586385574 ], [ -58.454405005872964, -34.528866265444449 ], [ -58.45407495668573, -34.529272619078817 ], [ -58.451943780656094, -34.530052297273741 ], [ -58.451743047125589, -34.53025999037348 ], [ -58.451724937026221, -34.530429609878432 ], [ -58.451953250841697, -34.53087515970735 ], [ -58.452224213604502, -34.531359306863393 ], [ -58.452567775240816, -34.532000738686456 ], [ -58.452785183091123, -34.532297330681608 ], [ -58.453094758603676, -34.532774890100164 ], [ -58.45347991340293, -34.533347012653707 ], [ -58.453813247851429, -34.533861993977432 ], [ -58.454027964647651, -34.53415841715271 ], [ -58.454162111336728, -34.534355473247238 ], [ -58.454275206022309, -34.534515274422283 ], [ -58.454333775563668, -34.53461776720679 ], [ -58.454404360036726, -34.534707526735772 ], [ -58.4544851989588, -34.534833869998145 ], [ -58.454562132515967, -34.534883584233427 ], [ -58.454624618603091, -34.534972840384789 ], [ -58.454714644982637, -34.535027861507579 ], [ -58.454813848145285, -34.535101426101001 ], [ -58.454933570602734, -34.535158292506878 ], [ -58.455018870580062, -34.535235486280222 ], [ -58.455138454960704, -34.535323797117378 ], [ -58.455455241327925, -34.535482775014131 ], [ -58.455526776847385, -34.535532153282603 ], [ -58.455563760893497, -34.535543438035432 ], [ -58.45562072037584, -34.535573937266172 ], [ -58.456777333538298, -34.536171519325435 ], [ -58.456891659795531, -34.536228048710718 ], [ -58.457634314195047, -34.536570745066356 ], [ -58.45874196446907, -34.537079895150214 ], [ -58.458760457129657, -34.537085537108275 ], [ -58.458783943933909, -34.537095982590287 ], [ -58.458846305266682, -34.537126815961031 ], [ -58.458715902479653, -34.537217569515647 ], [ -58.458559580881293, -34.537324686284798 ], [ -58.458453756224031, -34.537264193065766 ], [ -58.456229284742662, -34.536317201362166 ], [ -58.455747151370169, -34.536035618227594 ], [ -58.455174717041949, -34.535761901915045 ], [ -58.454633604611764, -34.535472156401063 ], [ -58.454581639426983, -34.535446460416573 ], [ -58.454558153737793, -34.535436014245853 ], [ -58.454450040682175, -34.535370882322241 ], [ -58.454271470985006, -34.535274411687446 ], [ -58.453967930708203, -34.534999428083168 ], [ -58.453815697567798, -34.534792260990763 ], [ -58.453652944645825, -34.534521533617344 ], [ -58.453494502840051, -34.534322966966116 ], [ -58.453399762508006, -34.534200252441032 ], [ -58.453319331334662, -34.534069440644132 ], [ -58.453208266707144, -34.533887298390248 ], [ -58.453088698310502, -34.533709120805021 ], [ -58.452830526916031, -34.533383035347001 ], [ -58.452686397729977, -34.533176370979341 ], [ -58.452510153323097, -34.53290480393396 ], [ -58.45236657045708, -34.532662226847549 ], [ -58.452263341714769, -34.532453611301626 ], [ -58.452210986075272, -34.532342517479023 ], [ -58.452119760161928, -34.532211034114752 ], [ -58.45205148654555, -34.532036044519238 ], [ -58.451905738967163, -34.531847252124315 ], [ -58.451704912223704, -34.531726928286659 ], [ -58.451523235463, -34.531724620431589 ], [ -58.45114893102788, -34.531840642071906 ], [ -58.450982892061575, -34.531965117903667 ], [ -58.450843022422674, -34.532190073052348 ], [ -58.450804446058918, -34.532884135455234 ], [ -58.450770401026617, -34.53307972371163 ], [ -58.450690995052533, -34.533326411114174 ], [ -58.450608903356063, -34.533483065530582 ], [ -58.450468218106444, -34.533716955917477 ], [ -58.450365060153253, -34.533926219776738 ], [ -58.450320229832222, -34.534031271296776 ], [ -58.450280798487732, -34.534136658507215 ], [ -58.450046346064227, -34.534894926429409 ], [ -58.450031881067233, -34.535024332484795 ], [ -58.450047922863575, -34.535146648977644 ], [ -58.450099465070501, -34.535266679719292 ], [ -58.450135090502052, -34.53532281456453 ], [ -58.450179220466758, -34.535374984943552 ], [ -58.450318367252912, -34.535486983204244 ], [ -58.450481139705253, -34.535577983904446 ], [ -58.450659438986605, -34.535647483366098 ], [ -58.450784292187713, -34.53567771304013 ], [ -58.450945051780778, -34.535701188539392 ], [ -58.451042237790453, -34.535707231204611 ], [ -58.45114023514224, -34.535704337638869 ], [ -58.451238638153185, -34.535696975914448 ], [ -58.451334747194501, -34.53568497818403 ], [ -58.451428967889861, -34.535663876370812 ], [ -58.451521300207482, -34.535633670475406 ], [ -58.452790120505817, -34.535712548690618 ], [ -58.452863010332322, -34.535717079596665 ], [ -58.452932389428952, -34.535730378842388 ], [ -58.453001362997519, -34.53574814614764 ], [ -58.453066825867204, -34.535774681805457 ], [ -58.453131883232444, -34.535805685531066 ], [ -58.453188436213722, -34.535840653915024 ], [ -58.453244583698378, -34.535880090377582 ], [ -58.453292226795121, -34.535923491514986 ], [ -58.453907686758264, -34.536411076221071 ], [ -58.454011884300826, -34.53648944528112 ], [ -58.45406992126555, -34.53653798546938 ], [ -58.454783763411733, -34.537287799743041 ], [ -58.45481520997626, -34.537330193837157 ], [ -58.454831269403471, -34.537362645055396 ], [ -58.454844223666996, -34.537399396613786 ], [ -58.454849078864925, -34.537435644850817 ], [ -58.454845834986351, -34.537471389766068 ], [ -58.454837191714695, -34.537506799132025 ], [ -58.454822743556001, -34.537546341060782 ], [ -58.454806673423832, -34.53760375544153 ], [ -58.454729705076325, -34.537823637797338 ], [ -58.4546863601498, -34.537942263492027 ], [ -58.454629644361447, -34.538118471263488 ], [ -58.454608718838671, -34.538139637347875 ], [ -58.454231362435834, -34.538677848721505 ], [ -58.454085426377617, -34.538790097859916 ], [ -58.453386413117713, -34.53913307459456 ], [ -58.452786753101357, -34.53942830345224 ], [ -58.452413084270553, -34.539566832977691 ], [ -58.452384464228039, -34.539583026956507 ], [ -58.452351255984865, -34.539589949076728 ], [ -58.452318047737819, -34.539596871187051 ], [ -58.452285245141042, -34.539599325201138 ], [ -58.452250148455008, -34.539597143279678 ], [ -58.452192376707806, -34.539575578433272 ], [ -58.452173478501166, -34.539574403540072 ], [ -58.451899378659235, -34.539184418328368 ], [ -58.451879026199897, -34.538989940929717 ], [ -58.451866073199753, -34.538953189192796 ], [ -58.451671456346716, -34.538734397456054 ], [ -58.451651887013846, -34.538710714255288 ], [ -58.451413404692637, -34.538466728413681 ], [ -58.451384519329103, -34.538455945858175 ], [ -58.451333365093141, -34.538421312209444 ], [ -58.45131109622438, -34.538397461119644 ], [ -58.451280462705796, -34.538346130140049 ], [ -58.4512664330897, -34.5382913382224 ], [ -58.451278994746879, -34.538242692947442 ], [ -58.451192619261484, -34.538147456423978 ], [ -58.451102858239246, -34.538119408851074 ], [ -58.451068167967463, -34.538112758596391 ], [ -58.450985694703398, -34.538094150675484 ], [ -58.45085044486644, -34.538058781196824 ], [ -58.450222152434343, -34.537682715445492 ], [ -58.449878265923473, -34.537373759696614 ], [ -58.449877674798145, -34.536901926947415 ], [ -58.450026561500486, -34.53612935222025 ], [ -58.449091641599054, -34.535572455531074 ], [ -58.449070856367975, -34.535562176271029 ], [ -58.449049665376592, -34.535556365063663 ], [ -58.449028068621871, -34.535555021908458 ], [ -58.449006471868557, -34.535553678749523 ], [ -58.448982175522787, -34.535552167691193 ], [ -58.448959767231194, -34.535559760633724 ], [ -58.448940058530269, -34.535567521468316 ], [ -58.448920349826125, -34.535575282299078 ], [ -58.448902934938886, -34.535587679077899 ], [ -58.448865405554137, -34.535612304727493 ], [ -58.448780078141723, -34.535714836815991 ], [ -58.448803157178666, -34.535729752079767 ], [ -58.448793029471723, -34.535751588643002 ], [ -58.448790594774806, -34.535778396960211 ], [ -58.448793559276332, -34.535805541078958 ], [ -58.448807727968351, -34.535828888748256 ], [ -58.448825002052402, -34.535847936264069 ], [ -58.449283214865062, -34.536123564779082 ], [ -58.449306294111295, -34.536138479973104 ], [ -58.44932896760605, -34.536157863221945 ], [ -58.449346241878743, -34.536176910687587 ], [ -58.449363110400213, -34.536200426210158 ], [ -58.449374579694407, -34.53622360595223 ], [ -58.449383349375196, -34.536246617804302 ], [ -58.449389013681554, -34.536273929825413 ], [ -58.449392384128252, -34.536296605898251 ], [ -58.449392649195325, -34.536323582140248 ], [ -58.449387920776189, -34.536345754543603 ], [ -58.449380086970315, -34.536372227114697 ], [ -58.449367259672236, -34.536393895844995 ], [ -58.449354026603984, -34.536420032631199 ], [ -58.44897544858194, -34.536881763553872 ], [ -58.448873780905778, -34.537014732415841 ], [ -58.44881329528738, -34.53708286315463 ], [ -58.448756179823377, -34.53717366992246 ], [ -58.448739840950033, -34.537204106743346 ], [ -58.448730118781143, -34.537221475223845 ], [ -58.448722955238047, -34.537270455877639 ], [ -58.44871660330179, -34.537310500427928 ], [ -58.448694053454744, -34.537349537520448 ], [ -58.448655711491547, -34.537383099093041 ], [ -58.448611299628489, -34.537393816665301 ], [ -58.448521399513702, -34.53739721164731 ], [ -58.448430828887943, -34.537378098406045 ], [ -58.448355785708095, -34.537337484452976 ], [ -58.447969261339857, -34.536989925421281 ], [ -58.447944435524001, -34.536934461734319 ], [ -58.447962397974933, -34.536886152878211 ], [ -58.447966597683859, -34.5368100282151 ], [ -58.447931785083995, -34.536744956752798 ], [ -58.447864982897187, -34.536673402147848 ], [ -58.447794669503324, -34.536610615678363 ], [ -58.447715851508583, -34.536551793439557 ], [ -58.447633928156307, -34.536497271274712 ], [ -58.447545793969198, -34.536451349284953 ], [ -58.4474549602755, -34.536405259310506 ], [ -58.447313239980005, -34.536351510471349 ], [ -58.447208096761528, -34.53631351673554 ], [ -58.447139530495328, -34.53629127818423 ], [ -58.446832606407121, -34.536173332151535 ], [ -58.446634601377795, -34.53611158771956 ], [ -58.446538369469408, -34.536065161269626 ], [ -58.446383152553054, -34.53601057173222 ], [ -58.446300682958338, -34.535991961017295 ], [ -58.446217401563558, -34.535982286302854 ], [ -58.446133714270843, -34.535977079558592 ], [ -58.445899925874095, -34.535980506836552 ], [ -58.445749824752447, -34.535989140724652 ], [ -58.44555841791292, -34.536004190869171 ], [ -58.445369304677484, -34.536023876695701 ], [ -58.445179785427001, -34.536048030229402 ], [ -58.4446895153105, -34.536125360779131 ], [ -58.444480144142311, -34.536188717275515 ], [ -58.444184243273057, -34.536278141286154 ], [ -58.444014432632223, -34.536294532894324 ], [ -58.443663200809276, -34.53633557930052 ], [ -58.443643634455313, -34.536311895171103 ], [ -58.443884611513674, -34.536169628326476 ], [ -58.443859645957865, -34.53614560820705 ], [ -58.443624068111944, -34.53628821103991 ], [ -58.443451535119529, -34.536394297826334 ], [ -58.443297229675025, -34.536479052485085 ], [ -58.443177349489851, -34.536543483278919 ], [ -58.443109716660345, -34.536570726539644 ], [ -58.443046670767671, -34.536607241804603 ], [ -58.44298902400552, -34.536644093094992 ], [ -58.442815677306093, -34.536759114750808 ], [ -58.442724942550406, -34.536861305353476 ], [ -58.442658241128605, -34.536938032262192 ], [ -58.442288562151482, -34.537301441362587 ], [ -58.442188820159309, -34.537263779498545 ], [ -58.442317111960215, -34.537047102345127 ], [ -58.442285935206847, -34.53703168179581 ], [ -58.442157643362087, -34.537248358908712 ], [ -58.441761558612008, -34.537902184617721 ], [ -58.441558012021943, -34.537871539586142 ], [ -58.441617741364688, -34.537632621803198 ], [ -58.441580352955079, -34.537625800879212 ], [ -58.441520623516382, -34.53786471863031 ], [ -58.441371847980115, -34.538426100810142 ], [ -58.441338064207095, -34.538558795408292 ], [ -58.441325640738569, -34.538575994991909 ], [ -58.441118842956115, -34.538581092801046 ], [ -58.441108383925872, -34.538337805371043 ], [ -58.441075582079996, -34.538340256359753 ], [ -58.441086853486475, -34.538574607838328 ], [ -58.44107024939715, -34.538578067310112 ], [ -58.441090406254524, -34.538893850767487 ], [ -58.441095465671403, -34.539136802028331 ], [ -58.440942253471022, -34.539149729011413 ], [ -58.440833454585643, -34.539151941355513 ], [ -58.440884170854552, -34.540206522805853 ], [ -58.440783036887446, -34.54030357079408 ], [ -58.440736067492921, -34.540282673174296 ], [ -58.440689098124558, -34.540261775539342 ], [ -58.440635916823709, -34.540249477619305 ], [ -58.440598121120992, -34.540247124212989 ], [ -58.440565318517663, -34.540249574962559 ], [ -58.440543314684703, -34.540252698111949 ], [ -58.440509699493482, -34.540264084773497 ], [ -58.440424645734772, -34.540303721288133 ], [ -58.440333551325182, -34.540230650045025 ], [ -58.440318978393719, -34.54021176955731 ], [ -58.440291438160031, -34.53932038888842 ], [ -58.440310480154785, -34.539290121773753 ], [ -58.440317504630947, -34.539272586130522 ], [ -58.440313730467174, -34.53925437807505 ], [ -58.440304556987471, -34.539235833813777 ], [ -58.440284178590709, -34.539221085101055 ], [ -58.440268793225421, -34.539211140555445 ], [ -58.440230998024326, -34.539208787097046 ], [ -58.440213987495646, -34.539216714391173 ], [ -58.440191171354449, -34.539228773432697 ], [ -58.440179153838201, -34.539241504892978 ], [ -58.440177528654701, -34.539259376736865 ], [ -58.440180083898952, -34.539290988675532 ], [ -58.440189257352714, -34.539309532943463 ], [ -58.440210042043631, -34.539319813711522 ], [ -58.440211505384504, -34.53984112311305 ], [ -58.439525443053931, -34.540041036341741 ], [ -58.439234517541081, -34.540135249922464 ], [ -58.43919050992826, -34.540141495726395 ], [ -58.439147315040685, -34.540138805614241 ], [ -58.439020575008918, -34.540099459549133 ], [ -58.438878043440482, -34.540054636592039 ], [ -58.438654521857664, -34.540004769228773 ], [ -58.438418169934728, -34.539976568606761 ], [ -58.438198016267876, -34.539949376459724 ], [ -58.437931823184357, -34.539950768963692 ], [ -58.437653205777295, -34.539969359957823 ], [ -58.437400365643377, -34.540003035794577 ], [ -58.437483678837808, -34.539922853830326 ], [ -58.437570474506927, -34.539923767253896 ], [ -58.437636776614745, -34.53985151202194 ], [ -58.437559851224592, -34.539801787722219 ], [ -58.43734555943167, -34.54000860823416 ], [ -58.437235540535035, -34.540024220965606 ], [ -58.437008477433956, -34.540072981462714 ], [ -58.436790586839265, -34.540140285936637 ], [ -58.436627908785752, -34.540197549982885 ], [ -58.436521662927859, -34.540231370080669 ], [ -58.436391787092482, -34.540286184128824 ], [ -58.436261504582689, -34.540345465934266 ], [ -58.436170236868591, -34.540393698617585 ], [ -58.436112178169672, -34.540435013797236 ], [ -58.436024276941311, -34.540505922334042 ], [ -58.435884122518679, -34.540614014320276 ], [ -58.435754766444759, -34.540722778936285 ], [ -58.435629996264602, -34.540840815620733 ], [ -58.435505225720384, -34.540958852129584 ], [ -58.435414883947367, -34.541056567544764 ], [ -58.435335340708022, -34.54115495574915 ], [ -58.435255390677639, -34.541257811784618 ], [ -58.435186239213373, -34.54136134064251 ], [ -58.435121673755077, -34.541474141706033 ], [ -58.435076152533107, -34.541556676741259 ], [ -58.43503562400673, -34.541644016112727 ], [ -58.43501454648819, -34.541696621600266 ], [ -58.434971171514988, -34.541815236268853 ], [ -58.43494062831688, -34.541912184315251 ], [ -58.434500835567476, -34.541911737195321 ], [ -58.434392033959369, -34.54191394323702 ], [ -58.434386114874457, -34.541859655469644 ], [ -58.434200908300717, -34.541866086258409 ], [ -58.434202466925427, -34.542027940044804 ], [ -58.434387267217403, -34.542025977199479 ], [ -58.434393886581219, -34.542012909994227 ], [ -58.4349216971207, -34.542000869471693 ], [ -58.434906425450322, -34.542049343482397 ], [ -58.434887900781511, -34.54213356072043 ], [ -58.434858983802116, -34.542212637103049 ], [ -58.434824667309002, -34.54229137699722 ], [ -58.43478495128813, -34.542369780396356 ], [ -58.43473484290665, -34.542443042911501 ], [ -58.434684734427989, -34.54251630539428 ], [ -58.434624233571114, -34.542584426972695 ], [ -58.434558739791918, -34.54264774411854 ], [ -58.434470428077226, -34.542723118941133 ], [ -58.434377123387769, -34.542793689281559 ], [ -58.43418052792407, -34.542925220875439 ], [ -58.434077643841341, -34.542981714218655 ], [ -58.433536518462844, -34.543199609662821 ], [ -58.433253122214126, -34.54333022266168 ], [ -58.433116213177335, -34.543402567254041 ], [ -58.43298429667238, -34.54347971610882 ], [ -58.432742874507056, -34.543626423841552 ], [ -58.43261055056589, -34.543708040075302 ], [ -58.432237209284743, -34.543931894739821 ], [ -58.432139315526939, -34.543993190571221 ], [ -58.432046414351269, -34.544059290789534 ], [ -58.431958912558272, -34.544125727533675 ], [ -58.431875996528341, -34.544201436559234 ], [ -58.431793080344164, -34.544277145507941 ], [ -58.431720556259279, -34.544357995507838 ], [ -58.431586306740506, -34.544520368594611 ], [ -58.431514189058213, -34.544596750548749 ], [ -58.431388186204984, -34.544728184890104 ], [ -58.431339293808861, -34.544788041819167 ], [ -58.431295800903477, -34.54484823537129 ], [ -58.431276754208909, -34.544878500464989 ], [ -58.431257707498908, -34.544908765553892 ], [ -58.431200974138775, -34.544995092927905 ], [ -58.431169500756127, -34.545042556132756 ], [ -58.431073046006617, -34.545207284979661 ], [ -58.431053185380648, -34.545246485740307 ], [ -58.431026297635391, -34.545303221273663 ], [ -58.430991568973759, -34.545386427293124 ], [ -58.430944820373114, -34.545482363529771 ], [ -58.430917525564276, -34.545543566879275 ], [ -58.430903064366973, -34.545583104269781 ], [ -58.430830351228934, -34.545785259027873 ], [ -58.430777905551203, -34.545943745166667 ], [ -58.430756119948491, -34.546063703969793 ], [ -58.430731782944967, -34.546152051067786 ], [ -58.430717838262424, -34.546245539390803 ], [ -58.43070389352858, -34.546339027707951 ], [ -58.430682843879922, -34.5466297751166 ], [ -58.430683689837004, -34.546858982598316 ], [ -58.430727358379905, -34.547333494723645 ], [ -58.430595730483326, -34.547347753174535 ], [ -58.430110023568631, -34.547016419226409 ], [ -58.430163097230015, -34.546970303359032 ], [ -58.430118162585913, -34.546927062210493 ], [ -58.43001578708806, -34.547037502001409 ], [ -58.429973105734014, -34.547088759096354 ], [ -58.429935417058019, -34.547144820749878 ], [ -58.429903128026389, -34.547201219118627 ], [ -58.429881231385444, -34.547262758791788 ], [ -58.429864734411858, -34.547324635193029 ], [ -58.429853637117283, -34.547386848326333 ], [ -58.429853339229282, -34.547449734932584 ], [ -58.429863840772107, -34.547513295015278 ], [ -58.429875156267642, -34.547567919403285 ], [ -58.42989146452657, -34.547627348377951 ], [ -58.429913579505744, -34.547682646242542 ], [ -58.429946900951364, -34.547734149731433 ], [ -58.429980222434281, -34.547785653216494 ], [ -58.430019350666541, -34.547833025582428 ], [ -58.43006428565478, -34.547876266824311 ], [ -58.430115027403865, -34.547915376935862 ], [ -58.430171168954146, -34.547954823760556 ], [ -58.430228124480031, -34.547985334863569 ], [ -58.430254200046129, -34.547937535398646 ], [ -58.430198058459105, -34.547898088608974 ], [ -58.430591473439968, -34.547513737236038 ], [ -58.430749286408606, -34.547510098034827 ], [ -58.43077317123327, -34.547844086450482 ], [ -58.430709188066729, -34.547831110313673 ], [ -58.430659776437636, -34.547837015686007 ], [ -58.430547305079827, -34.547879427929395 ], [ -58.430456839585524, -34.547918719062125 ], [ -58.430303721064249, -34.547990049002969 ], [ -58.430163138896937, -34.548102599558568 ], [ -58.430103850685114, -34.548157314297491 ], [ -58.430055361929, -34.548212702468433 ], [ -58.430006873104425, -34.548268090611387 ], [ -58.429925687598775, -34.548384344890032 ], [ -58.429844094855433, -34.548505066930971 ], [ -58.42979897052389, -34.548583130929586 ], [ -58.429648916802201, -34.548740022365308 ], [ -58.429412845281639, -34.548648914702596 ], [ -58.429116454314482, -34.548504619069497 ], [ -58.428890776696647, -34.54841865194296 ], [ -58.428687919788317, -34.548320628140146 ], [ -58.428428216499753, -34.548250510823422 ], [ -58.428131936779515, -34.548164631780608 ], [ -58.42785104281343, -34.548088698239432 ], [ -58.427525323267098, -34.54802794064679 ], [ -58.427170677267554, -34.548046255546907 ], [ -58.42673820594797, -34.548203496914859 ], [ -58.426375115377468, -34.548374051853251 ], [ -58.425992973866428, -34.548574869398969 ], [ -58.425645672428324, -34.548750900290528 ], [ -58.425483484441472, -34.548862096653494 ], [ -58.425413604886742, -34.549032971431977 ], [ -58.425319984047427, -34.549166418973158 ], [ -58.426575783686864, -34.551832869081878 ], [ -58.426618682346344, -34.551898450705828 ], [ -58.426709879821274, -34.55202995085012 ], [ -58.42689663014874, -34.55194724485672 ], [ -58.427925025961407, -34.551508161670604 ], [ -58.429171527666192, -34.550880477335681 ], [ -58.429370511005978, -34.550901874350167 ], [ -58.42955869463627, -34.550922597489517 ], [ -58.429800877824661, -34.55094668805836 ], [ -58.430145253224119, -34.550981644393602 ], [ -58.430468029281343, -34.551015252821614 ], [ -58.430672006655719, -34.551041452369311 ], [ -58.430891370168581, -34.551077597469785 ], [ -58.431107071298172, -34.5511539529193 ], [ -58.431293738230636, -34.551250963806716 ], [ -58.4314330265832, -34.551331540577252 ], [ -58.431730762554075, -34.551520847685467 ], [ -58.431947796601385, -34.551642217229855 ], [ -58.43233489405074, -34.551864053930672 ], [ -58.432732793805705, -34.55208656295855 ], [ -58.434213453857033, -34.552942713004526 ], [ -58.434634520563733, -34.553328417346677 ], [ -58.434653313445857, -34.553599183551789 ], [ -58.434109895646252, -34.553960718305476 ], [ -58.435183284964047, -34.554458972144282 ], [ -58.435396559054787, -34.554562128976542 ], [ -58.435723758129811, -34.554726304264129 ], [ -58.435962001263164, -34.554853482500754 ], [ -58.436192811161931, -34.555002663381252 ], [ -58.436471930596795, -34.555217759794907 ], [ -58.436614191020439, -34.555325476082814 ], [ -58.436709882589398, -34.555407824172974 ], [ -58.43685011005423, -34.555537879835448 ], [ -58.437132599832843, -34.555775651255622 ], [ -58.437356387375921, -34.555942365702577 ], [ -58.437602997396084, -34.556097021961513 ], [ -58.437842467715519, -34.556210793598332 ], [ -58.437973817264435, -34.556259416326576 ], [ -58.438164164645457, -34.556316207773428 ], [ -58.438492076230574, -34.55641302176705 ], [ -58.438814588317754, -34.556509498550646 ], [ -58.438982115525313, -34.556578346984594 ], [ -58.439202020872763, -34.556668431009882 ], [ -58.43946931090219, -34.556774946051561 ], [ -58.439584461246739, -34.556822558088761 ], [ -58.439818943084866, -34.556931522095446 ], [ -58.440000640691778, -34.557023718195552 ], [ -58.440171131229093, -34.557119709295939 ], [ -58.440421524967704, -34.557292569091473 ], [ -58.440704438204612, -34.557525866298029 ], [ -58.440928760376778, -34.55774652746139 ], [ -58.441056164970618, -34.557898246711439 ], [ -58.441164929205996, -34.558075764651548 ], [ -58.441277699749961, -34.558388330282398 ], [ -58.441345408681485, -34.558599237578932 ], [ -58.44137223654495, -34.558722226742667 ], [ -58.4413848953048, -34.558821867141894 ], [ -58.441362189042913, -34.558892345512611 ], [ -58.441334082127426, -34.558962487546324 ], [ -58.441306381689728, -34.559028161608929 ], [ -58.441267589043449, -34.559156050737869 ], [ -58.441237042665854, -34.55925300047177 ], [ -58.441186228844217, -34.559393620745631 ], [ -58.441142441654151, -34.559516705491681 ], [ -58.441113927694495, -34.559591315377496 ], [ -58.441059338942274, -34.559713727377371 ], [ -58.441033264178287, -34.559761529495361 ], [ -58.440998536213648, -34.559844738890583 ], [ -58.440965027866881, -34.559914544404315 ], [ -58.440934772011275, -34.559948606271455 ], [ -58.440879254314623, -34.560021534283145 ], [ -58.440860612867425, -34.560047332929464 ], [ -58.440775652185131, -34.560145386794446 ], [ -58.44067286290278, -34.560260303274625 ], [ -58.440613570421007, -34.560315022936578 ], [ -58.440536449415518, -34.560386605233106 ], [ -58.44045392758413, -34.560457851083761 ], [ -58.440366004916044, -34.560528760475805 ], [ -58.440207581086817, -34.560658184348675 ], [ -58.440032141383661, -34.56079553463546 ], [ -58.439886551148881, -34.560903291041591 ], [ -58.439794040101731, -34.560964927599848 ], [ -58.439684513465274, -34.561034490695981 ], [ -58.439465052995267, -34.561178084455499 ], [ -58.439254245959205, -34.561286270673918 ], [ -58.439084090374465, -34.561365536059007 ], [ -58.438993205043268, -34.561409300126471 ], [ -58.438891518155188, -34.561452391199786 ], [ -58.43869354483413, -34.561538909514205 ], [ -58.438581462906967, -34.561576859422885 ], [ -58.438463573426908, -34.56161894066399 ], [ -58.438362699533577, -34.561653095369778 ], [ -58.438194982964646, -34.561705551743835 ], [ -58.438028079724731, -34.561749072012489 ], [ -58.437822557618439, -34.561799172324918 ], [ -58.43765646762774, -34.561833756191596 ], [ -58.437239095848831, -34.56188413493323 ], [ -58.437112844800154, -34.561898734162106 ], [ -58.436959590030767, -34.561911650525225 ], [ -58.436729911267435, -34.561928790738769 ], [ -58.436582870875107, -34.561933107349411 ], [ -58.436447038810911, -34.561933629011691 ], [ -58.436262600178793, -34.561931121335874 ], [ -58.43607316774068, -34.561923808892281 ], [ -58.435781935350469, -34.561901165032936 ], [ -58.435534722783984, -34.561872277578111 ], [ -58.435126709815847, -34.561819887269614 ], [ -58.434944934907918, -34.561907408686153 ], [ -58.434882678596466, -34.561934980910408 ], [ -58.434794639451653, -34.561947466222392 ], [ -58.434948744013816, -34.562163761600914 ], [ -58.435413466502673, -34.56254769492201 ], [ -58.435950990468285, -34.562549743840336 ], [ -58.436821217008578, -34.562536577572885 ], [ -58.43697906008461, -34.562532933911108 ], [ -58.437125694809801, -34.562533084865713 ], [ -58.437277730353252, -34.562533572179625 ], [ -58.437424771945004, -34.56252925485601 ], [ -58.437571813555358, -34.562524937351071 ], [ -58.437696845248212, -34.562523741510404 ], [ -58.437838079333076, -34.562523555078215 ], [ -58.437958523815304, -34.56251308661178 ], [ -58.438094763906335, -34.562508095447399 ], [ -58.438221015928143, -34.562493495289289 ], [ -58.438363470312254, -34.562479904460858 ], [ -58.438527527862199, -34.562467659386087 ], [ -58.438659180626289, -34.562453395232744 ], [ -58.438785025852674, -34.562443262389735 ], [ -58.438932880979863, -34.562430007335358 ], [ -58.439091944397276, -34.562412957073491 ], [ -58.439245606988052, -34.562395570144439 ], [ -58.439404670351301, -34.56237851945324 ], [ -58.439552525404821, -34.562365263611483 ], [ -58.439667975629931, -34.562349989006229 ], [ -58.439822044783561, -34.562328133372034 ], [ -58.439948703218761, -34.562309063388994 ], [ -58.440091564030602, -34.562291002498881 ], [ -58.440229430649119, -34.562268137082363 ], [ -58.440378098828532, -34.562245944294318 ], [ -58.440510157921025, -34.562227210086313 ], [ -58.440659232632932, -34.562200548983704 ], [ -58.440819515501389, -34.56217009248919 ], [ -58.440968590079088, -34.562143430977898 ], [ -58.441167491614507, -34.562106392671986 ], [ -58.441345772654763, -34.562355639584425 ], [ -58.441498561471697, -34.562526912986264 ], [ -58.441971507926311, -34.563059613371713 ], [ -58.442622951759489, -34.563630387010683 ], [ -58.443648552485442, -34.564237933545776 ], [ -58.444614902439206, -34.564810330732321 ], [ -58.445521999023001, -34.565347579676029 ], [ -58.446065804109061, -34.565668999280661 ], [ -58.446426813850429, -34.56588018723393 ], [ -58.447321651316706, -34.566403181228118 ], [ -58.447795805531428, -34.566684312928722 ], [ -58.447855075047421, -34.566719454289512 ], [ -58.448387236722958, -34.56722885888508 ], [ -58.44904698078949, -34.567858532397871 ], [ -58.448644252053839, -34.568076112976698 ], [ -58.448134427349864, -34.568336454220209 ], [ -58.447043595202643, -34.568893139122785 ], [ -58.446693126432599, -34.56907352520971 ], [ -58.446497433329576, -34.569164691105108 ], [ -58.445706816905336, -34.569555822705304 ], [ -58.444887967293546, -34.569958670799672 ], [ -58.444112060029298, -34.570337226689517 ], [ -58.44382776137661, -34.570476790512174 ], [ -58.443640164442584, -34.570568455402167 ], [ -58.442956216189707, -34.570921275941934 ], [ -58.442545763315685, -34.57113385963229 ], [ -58.442203785540457, -34.571310266771 ], [ -58.441943787234472, -34.571451339072915 ], [ -58.441414465823286, -34.571746380851387 ], [ -58.440745483775586, -34.572113599491679 ], [ -58.441703106892341, -34.573080891129251 ], [ -58.442422217045646, -34.573804164833398 ], [ -58.443141339416222, -34.574527435870834 ], [ -58.443447107273286, -34.574838540760851 ], [ -58.443484366433388, -34.574876807273462 ], [ -58.443571575707345, -34.574963117128483 ], [ -58.443658378505958, -34.575053894914923 ], [ -58.443683353618674, -34.575077916573534 ], [ -58.443971846041713, -34.575369971494368 ], [ -58.442921632988117, -34.576045965858299 ], [ -58.441880026526725, -34.576776405393204 ], [ -58.441816132586226, -34.576821851839028 ], [ -58.440890283596396, -34.577802128992289 ], [ -58.439941949054727, -34.5785518392996 ], [ -58.440532577617276, -34.579105363806889 ], [ -58.441544430183939, -34.580044588293369 ], [ -58.442283048494843, -34.580733136306812 ], [ -58.44251094141368, -34.580945035465376 ], [ -58.443432515260341, -34.581802238082545 ], [ -58.443782419143965, -34.582255385169304 ], [ -58.444400244964932, -34.583197011805971 ], [ -58.444450898527222, -34.583177699503452 ], [ -58.445788302533458, -34.582600456132113 ], [ -58.44709435164107, -34.582039218040727 ], [ -58.448281655284376, -34.581528987321896 ], [ -58.448394169787363, -34.581486563327822 ], [ -58.448461434545379, -34.581463789683518 ], [ -58.449192166338534, -34.58119473237111 ], [ -58.449442316143568, -34.581102458977185 ], [ -58.449596971359995, -34.581044682759227 ], [ -58.449999886852154, -34.580885527467885 ], [ -58.450952264102128, -34.580508929896894 ], [ -58.451019933916612, -34.580481686587703 ], [ -58.452024556027283, -34.580157756712666 ], [ -58.45219500821436, -34.580105452854411 ], [ -58.453020662214612, -34.579837781532632 ], [ -58.453535122292998, -34.579676564337404 ], [ -58.454864420658687, -34.579246987326293 ], [ -58.455401295215459, -34.579078168647257 ], [ -58.455972469360326, -34.578920466506659 ], [ -58.457164243082282, -34.578599139196044 ], [ -58.45734238710952, -34.578551799023806 ], [ -58.457746216083677, -34.578442099374683 ], [ -58.458540742221814, -34.578397120265983 ], [ -58.459696270483526, -34.578325141685411 ], [ -58.460103190217772, -34.578300999571958 ], [ -58.460225548895686, -34.578299615595036 ], [ -58.460548242019456, -34.577946716882678 ], [ -58.461607199288842, -34.576844233047559 ], [ -58.462249313104046, -34.57617416929574 ], [ -58.462378437033536, -34.576038402260934 ], [ -58.463190726846179, -34.575109300978482 ], [ -58.463356711405559, -34.575016262264519 ], [ -58.464991830851417, -34.573998951783786 ], [ -58.46603754751856, -34.573340443655447 ], [ -58.467365772491803, -34.572501752316526 ], [ -58.468083388941999, -34.572914749902047 ], [ -58.468841025310773, -34.572018159180644 ], [ -58.46958621996761, -34.571138764170676 ], [ -58.470416745175115, -34.57015681639016 ], [ -58.471177433912246, -34.569255903714847 ] ] ] ] } },
{ "type": "Feature", "properties": { "fid": 90, "cpr": "02", "jur": "Ciudad Autónoma de Buenos Aires", "cde": "02084", "gna": "Comuna", "nam": "Comuna 12" }, "geometry": { "type": "MultiPolygon", "coordinates": [ [ [ [ -58.505422746613853, -34.591807515949476 ], [ -58.506071828511516, -34.591088200599522 ], [ -58.506724003802582, -34.590364578531123 ], [ -58.507505251102586, -34.589505129317274 ], [ -58.50824502725942, -34.588683555288625 ], [ -58.509023539698546, -34.58782392533093 ], [ -58.509790018755737, -34.58697702712174 ], [ -58.510493295599545, -34.5861981187754 ], [ -58.511042245939734, -34.585593916386365 ], [ -58.511154301073041, -34.585466025665276 ], [ -58.511811786399264, -34.584742698040671 ], [ -58.512358014968015, -34.584138320454706 ], [ -58.512469662786039, -34.584014896667604 ], [ -58.513272516762683, -34.583125280670266 ], [ -58.513816021427829, -34.582520727045129 ], [ -58.513921455642787, -34.582405905414419 ], [ -58.514572681223619, -34.581691160543471 ], [ -58.514698232520978, -34.581564098330041 ], [ -58.514925991262224, -34.581357962684805 ], [ -58.514754809288306, -34.580996906633146 ], [ -58.514204898052327, -34.579835104091629 ], [ -58.51323152528564, -34.577766441059303 ], [ -58.511451058585997, -34.573985365016412 ], [ -58.511252846492553, -34.573532767656516 ], [ -58.509580411376355, -34.569699927483882 ], [ -58.509548924812549, -34.569657542488628 ], [ -58.509279455432413, -34.569272442214142 ], [ -58.508826150426891, -34.568516512892472 ], [ -58.508332175723908, -34.567699656330319 ], [ -58.508182246309026, -34.567344400549963 ], [ -58.507870901215881, -34.566610712095105 ], [ -58.506826962087047, -34.564092806940103 ], [ -58.506371201783018, -34.563183941048813 ], [ -58.50604799081345, -34.562431543698828 ], [ -58.505668189120435, -34.561644197343291 ], [ -58.504883854951551, -34.559982598966144 ], [ -58.504320191261826, -34.55864467642278 ], [ -58.503714701599961, -34.557349104729767 ], [ -58.503154772715753, -34.556150708687902 ], [ -58.502936519480066, -34.555710347137783 ], [ -58.502780456940023, -34.555453566247067 ], [ -58.502059334732785, -34.553935160568926 ], [ -58.501502829993768, -34.552759439356471 ], [ -58.50127810321419, -34.552300702307122 ], [ -58.501101742218019, -34.551907861545224 ], [ -58.501011466643469, -34.551704571462658 ], [ -58.500643427027157, -34.551088695710128 ], [ -58.50041713136428, -34.550737704520664 ], [ -58.500193012157467, -34.550422795390588 ], [ -58.500032284929887, -34.550278061258176 ], [ -58.499945433435229, -34.550187319363324 ], [ -58.499795508600407, -34.550043252348082 ], [ -58.4996332922451, -34.549884945329381 ], [ -58.499166391016502, -34.549492126031154 ], [ -58.498300335948578, -34.548948823559918 ], [ -58.497086512667607, -34.548437944807077 ], [ -58.496599988597893, -34.548232629960502 ], [ -58.496000985722425, -34.547979919658964 ], [ -58.494537249617196, -34.54735021968542 ], [ -58.494303103902062, -34.54723688768857 ], [ -58.494172530047955, -34.547179386824155 ], [ -58.493452282548006, -34.546856260241853 ], [ -58.493102962042016, -34.546695363478612 ], [ -58.492604170051017, -34.546475794780079 ], [ -58.492476299044803, -34.546418459363444 ], [ -58.492259849932175, -34.546319698443305 ], [ -58.4914849330669, -34.545970712947685 ], [ -58.491446044760636, -34.545950333998064 ], [ -58.490429304174299, -34.545483036442363 ], [ -58.490217857063364, -34.545389075004628 ], [ -58.487958265437776, -34.544373060962911 ], [ -58.486197082094023, -34.543581072650895 ], [ -58.486145099907084, -34.543555388337602 ], [ -58.486017238809367, -34.543498047233385 ], [ -58.483114839300555, -34.542235466291643 ], [ -58.481560461662852, -34.541559568235201 ], [ -58.480581108254093, -34.541130456860522 ], [ -58.480565312591196, -34.541124985158383 ], [ -58.47961769111334, -34.540675364838165 ], [ -58.477782154085695, -34.539806763333971 ], [ -58.477491489128283, -34.539658445893686 ], [ -58.4762163851059, -34.539017761258059 ], [ -58.475766160377752, -34.538832591842713 ], [ -58.475413355238331, -34.539340947108755 ], [ -58.474927998718677, -34.539993860778971 ], [ -58.474355710487067, -34.540767198347048 ], [ -58.473786515167376, -34.541536230870342 ], [ -58.473235935642961, -34.542279453849801 ], [ -58.472694254607312, -34.54301423864532 ], [ -58.47209438390432, -34.543821799703451 ], [ -58.471537562054266, -34.544573612687564 ], [ -58.471014072440866, -34.545287049249509 ], [ -58.470432390521012, -34.546073261113143 ], [ -58.469941953483435, -34.546721341240918 ], [ -58.469401152982456, -34.547415721820151 ], [ -58.469130344203819, -34.547767379011418 ], [ -58.468848732455903, -34.548118365257189 ], [ -58.468719940862464, -34.548281123319107 ], [ -58.468664859988245, -34.548349600069159 ], [ -58.468554293028838, -34.548491021706376 ], [ -58.468508527034722, -34.548546596158296 ], [ -58.468226504694741, -34.548902048507216 ], [ -58.468190053501225, -34.548944720626963 ], [ -58.468373125888952, -34.549081893344237 ], [ -58.469304692984991, -34.549589023732402 ], [ -58.470158100404518, -34.550059845914667 ], [ -58.471008817969462, -34.55053049584081 ], [ -58.471864541546005, -34.551005944206501 ], [ -58.472705288288502, -34.551466978274156 ], [ -58.473574129266304, -34.551947722515571 ], [ -58.474437580413586, -34.552428126993107 ], [ -58.473587477855297, -34.553539210316657 ], [ -58.472983737590759, -34.55432855884689 ], [ -58.472743561031379, -34.554641683000419 ], [ -58.472450999329411, -34.555023452195684 ], [ -58.47185155555524, -34.555795086579423 ], [ -58.471557094394605, -34.556167748511861 ], [ -58.470872707736817, -34.5570374563831 ], [ -58.470070432060453, -34.557949273385312 ], [ -58.469649709192275, -34.558426431306955 ], [ -58.469185638798741, -34.558932351655102 ], [ -58.468932065107296, -34.559213181593059 ], [ -58.468467175319965, -34.559728034512467 ], [ -58.467738975223355, -34.560541081456243 ], [ -58.467038306522809, -34.561319884804625 ], [ -58.467686160607627, -34.561692600864006 ], [ -58.46691527760791, -34.562017708340719 ], [ -58.466491552915279, -34.562198104037314 ], [ -58.466578509324187, -34.562257421731161 ], [ -58.467542868606685, -34.562973306472458 ], [ -58.467649810662977, -34.563051837316522 ], [ -58.468611084100147, -34.563682149038598 ], [ -58.469611262124744, -34.564332841397189 ], [ -58.470439422471074, -34.564874000443126 ], [ -58.470649536375873, -34.5650128501537 ], [ -58.471372381822846, -34.565457602427493 ], [ -58.472462809636838, -34.566131845770322 ], [ -58.472529788804522, -34.566171947104898 ], [ -58.472743825432254, -34.566297556714595 ], [ -58.473004046378946, -34.566452990629422 ], [ -58.473370139861132, -34.566668910557318 ], [ -58.472783289915945, -34.567360445518389 ], [ -58.471962141696281, -34.56832951467959 ], [ -58.471177433912246, -34.569255903714847 ], [ -58.470416745175115, -34.57015681639016 ], [ -58.46958621996761, -34.571138764170676 ], [ -58.468841025310773, -34.572018159180644 ], [ -58.468083388941999, -34.572914749902047 ], [ -58.46829014069683, -34.573030929429684 ], [ -58.469134439454592, -34.573514690960877 ], [ -58.469927160728112, -34.573968286506748 ], [ -58.470867364456538, -34.574502921921621 ], [ -58.471807581094922, -34.575037551572414 ], [ -58.471960053521968, -34.575123397853666 ], [ -58.472744704503562, -34.575576476191756 ], [ -58.47288907589985, -34.575661818933042 ], [ -58.473547461846252, -34.576039659755104 ], [ -58.473684541919482, -34.576115562622277 ], [ -58.473829725448851, -34.576191967919257 ], [ -58.474620205225683, -34.576640903430579 ], [ -58.474852772484802, -34.576772153988806 ], [ -58.475007547758722, -34.57686263302751 ], [ -58.475596669008127, -34.577195728040095 ], [ -58.477151881707776, -34.578078497296573 ], [ -58.477335160177297, -34.578184220910728 ], [ -58.477774516895707, -34.578431634067783 ], [ -58.47820077541747, -34.578673740480426 ], [ -58.478655130225242, -34.578935560678289 ], [ -58.478990495952075, -34.579131590114784 ], [ -58.479232668367061, -34.579276908691988 ], [ -58.480185291837259, -34.579825729066613 ], [ -58.480484871811008, -34.579997070030331 ], [ -58.480995836100682, -34.580293844252658 ], [ -58.481129824977948, -34.580374041421678 ], [ -58.482146364727399, -34.580967249194522 ], [ -58.483013528455899, -34.581470314096585 ], [ -58.48313482421753, -34.581540736100088 ], [ -58.484123298222173, -34.582114216666014 ], [ -58.484747889422998, -34.582476429262357 ], [ -58.485095983233386, -34.582682218724834 ], [ -58.485826484994661, -34.583104906766273 ], [ -58.485960888139381, -34.583180631352683 ], [ -58.487034504868468, -34.583804297443763 ], [ -58.488105841736711, -34.584423320396581 ], [ -58.488794770646585, -34.584825444876024 ], [ -58.488969572026924, -34.584935121404818 ], [ -58.4895605777307, -34.585308713190884 ], [ -58.490287893624831, -34.585767127663466 ], [ -58.490850812543727, -34.586121001704697 ], [ -58.49141333223092, -34.586479342193151 ], [ -58.491971262454797, -34.586828409437175 ], [ -58.492541896842155, -34.587187247388911 ], [ -58.49366507853469, -34.587894810246247 ], [ -58.493891095730604, -34.58803910322095 ], [ -58.494225326125431, -34.58824850511801 ], [ -58.49479678922463, -34.588598397935087 ], [ -58.495362450086546, -34.588952422970777 ], [ -58.495593876631048, -34.589097047695141 ], [ -58.495928520086963, -34.589301977472971 ], [ -58.497068376085814, -34.590006050043236 ], [ -58.498203253038, -34.590705311725856 ], [ -58.499487175243914, -34.591499154262948 ], [ -58.500817331705413, -34.592322803377151 ], [ -58.501929170621651, -34.593007129538329 ], [ -58.502142919956839, -34.593137170164887 ], [ -58.503313693716855, -34.593861075116891 ], [ -58.503473131780879, -34.593960796748611 ], [ -58.504119143685145, -34.593245797942487 ], [ -58.504770951089974, -34.592526659441681 ], [ -58.505287040944694, -34.591956406964542 ], [ -58.505422746613853, -34.591807515949476 ] ] ] ] } },
{ "type": "Feature", "properties": { "fid": 114, "cpr": "02", "jur": "Ciudad Autónoma de Buenos Aires", "cde": "02070", "gna": "Comuna", "nam": "Comuna 10" }, "geometry": { "type": "MultiPolygon", "coordinates": [ [ [ [ -58.529926988213525, -34.634812770183039 ], [ -58.529936438736094, -34.634557214967565 ], [ -58.529944680278824, -34.634315066196933 ], [ -58.529968452674566, -34.634051405911912 ], [ -58.530008251758524, -34.633218040863063 ], [ -58.530017583871917, -34.632993933826931 ], [ -58.530056626123987, -34.63225938219373 ], [ -58.530115419669414, -34.631094658015435 ], [ -58.530161148072544, -34.630014508222352 ], [ -58.530164084786563, -34.629951778196741 ], [ -58.530202961024671, -34.628947598215476 ], [ -58.530228413789587, -34.628333537800195 ], [ -58.530231063963228, -34.628243828316094 ], [ -58.530244770317886, -34.627880688029279 ], [ -58.530291039906373, -34.62727689701601 ], [ -58.530394333135604, -34.625980104550081 ], [ -58.530424030879608, -34.625469659187146 ], [ -58.530429383175104, -34.625380116124468 ], [ -58.530549858764005, -34.622565533365837 ], [ -58.530563264410311, -34.622386613587395 ], [ -58.530581447861252, -34.622064191764458 ], [ -58.530753079631346, -34.618983141496116 ], [ -58.53077931199558, -34.61857134266581 ], [ -58.530814230373693, -34.618002801568615 ], [ -58.530917658175575, -34.616130832143675 ], [ -58.530897534596363, -34.61593187323065 ], [ -58.530869936469593, -34.615665049605354 ], [ -58.530856195145233, -34.615515913644067 ], [ -58.530765745646882, -34.615222751756207 ], [ -58.530694386930605, -34.614989182591302 ], [ -58.530630100314674, -34.614827946974522 ], [ -58.530408604757824, -34.61436045121134 ], [ -58.530071420517288, -34.613638681566336 ], [ -58.528939612288823, -34.611209826876362 ], [ -58.528553483547988, -34.6115140796201 ], [ -58.528160452361817, -34.611804424920336 ], [ -58.527758908064214, -34.612098737973525 ], [ -58.527348850513881, -34.612397018675665 ], [ -58.526944195205097, -34.612695630592043 ], [ -58.526539537016049, -34.612994240774007 ], [ -58.525850283631904, -34.613495501229323 ], [ -58.525716296172725, -34.613595092096602 ], [ -58.525614454069967, -34.613669701857916 ], [ -58.525426699486459, -34.613792940997733 ], [ -58.525113869089445, -34.614007331834593 ], [ -58.52497511281846, -34.614039223756912 ], [ -58.524271689827643, -34.614607004857653 ], [ -58.524122573846505, -34.614723635757066 ], [ -58.523121707967704, -34.615515731678919 ], [ -58.521958306521228, -34.616392163305179 ], [ -58.521015201263367, -34.617115902429838 ], [ -58.520892819305161, -34.617207215534037 ], [ -58.520124357055103, -34.617802413509878 ], [ -58.519481778401349, -34.618297523302203 ], [ -58.519341966997715, -34.618401240447973 ], [ -58.518901191972788, -34.618738036052989 ], [ -58.518673441366218, -34.618912719388263 ], [ -58.518539436694226, -34.619012300034719 ], [ -58.518209425760581, -34.619266052957592 ], [ -58.517742703483556, -34.619619217502184 ], [ -58.516951767609498, -34.620221992997145 ], [ -58.516529172244631, -34.61984542067853 ], [ -58.516413721623366, -34.619739438689379 ], [ -58.515696699611937, -34.619102044289612 ], [ -58.515015105279993, -34.618493794063397 ], [ -58.514944675371673, -34.618431031322636 ], [ -58.514333520890858, -34.617885541262076 ], [ -58.513651946444291, -34.617277285885926 ], [ -58.513048513167142, -34.616736760563157 ], [ -58.512573832507869, -34.616455820217666 ], [ -58.512137676161714, -34.616199724224998 ], [ -58.51167881391121, -34.615924250806977 ], [ -58.511250367532142, -34.615673121494048 ], [ -58.511005329180861, -34.615527679527979 ], [ -58.510843140750055, -34.615427794532309 ], [ -58.510704064755096, -34.615342817064331 ], [ -58.51057769449082, -34.615267611079851 ], [ -58.510430915089543, -34.6151776641304 ], [ -58.510346171408237, -34.615123002415665 ], [ -58.510140059838875, -34.614997936694671 ], [ -58.510019095754465, -34.61492306401032 ], [ -58.509745948985788, -34.614757909876701 ], [ -58.509580657486708, -34.614662325310078 ], [ -58.509206151507456, -34.614445975335428 ], [ -58.509056672692999, -34.614355860195481 ], [ -58.508850161440151, -34.61423526138006 ], [ -58.508726093490672, -34.614164689403928 ], [ -58.508467552023717, -34.61401840889944 ], [ -58.508310371155794, -34.613923323696774 ], [ -58.508015611536827, -34.613756831204206 ], [ -58.507868434099755, -34.61367135044145 ], [ -58.50762570696709, -34.613530538651759 ], [ -58.507522453458229, -34.613470238318435 ], [ -58.507055516007121, -34.613194250426972 ], [ -58.505564177305267, -34.612315748645791 ], [ -58.505413898930463, -34.61223456715549 ], [ -58.505250512672319, -34.612148082070192 ], [ -58.504665743330527, -34.611792908862576 ], [ -58.504529382874757, -34.611708092850449 ], [ -58.504278964623907, -34.611562306256552 ], [ -58.504139902591106, -34.611477322911547 ], [ -58.50386137544956, -34.611311824417079 ], [ -58.503721910328494, -34.611231309264838 ], [ -58.503410274041229, -34.611041296089326 ], [ -58.503255403643806, -34.610950841335296 ], [ -58.503103235972738, -34.610860553440993 ], [ -58.502370916581491, -34.610424354712222 ], [ -58.502208345622982, -34.610328929267716 ], [ -58.501460630393986, -34.609882786939856 ], [ -58.501329277261519, -34.609802770769107 ], [ -58.500194413239868, -34.609130479946721 ], [ -58.499352637919102, -34.610084980493724 ], [ -58.498444113807111, -34.61111622924404 ], [ -58.498301336888652, -34.611282646442369 ], [ -58.498158963646858, -34.611444594888958 ], [ -58.497534757167777, -34.612156405213248 ], [ -58.497404807628065, -34.612301146957506 ], [ -58.496561751194186, -34.613269025140802 ], [ -58.495573587560429, -34.614398671754842 ], [ -58.494786360869071, -34.615019495863287 ], [ -58.493831730736083, -34.615778239891597 ], [ -58.493711623975678, -34.615874157507996 ], [ -58.492636460263952, -34.616733275145187 ], [ -58.491563976766138, -34.617592547602598 ], [ -58.490617395095036, -34.618351760415955 ], [ -58.490488768474691, -34.618451640308436 ], [ -58.489413537881589, -34.619310720533456 ], [ -58.488338689928469, -34.620165319876385 ], [ -58.488203842696848, -34.620273798644796 ], [ -58.487266522411367, -34.621020074169159 ], [ -58.486185414748178, -34.621883250502066 ], [ -58.485113202784383, -34.622737979878075 ], [ -58.484972536686854, -34.622850587376753 ], [ -58.48404056347335, -34.62359716520087 ], [ -58.483427887034352, -34.624089423261232 ], [ -58.482745069830123, -34.624635745122816 ], [ -58.481922774987254, -34.624292698101407 ], [ -58.481789397705846, -34.624235001807705 ], [ -58.481734263107796, -34.624213610060465 ], [ -58.48074049462339, -34.62378353660111 ], [ -58.479756737238773, -34.62336306323725 ], [ -58.479377426082749, -34.623200245311175 ], [ -58.478799747443716, -34.622917281774278 ], [ -58.478118160731633, -34.622551482688934 ], [ -58.478006410200798, -34.622495123850918 ], [ -58.477809529927228, -34.622388550456421 ], [ -58.477415459202717, -34.623226848985361 ], [ -58.477017054030853, -34.624082850655391 ], [ -58.476952724393257, -34.624222650281361 ], [ -58.476491867827228, -34.625227552557263 ], [ -58.476037620518603, -34.626219382157522 ], [ -58.475471043226342, -34.627460365659594 ], [ -58.474989869694483, -34.628508933847762 ], [ -58.474555449002239, -34.629461545167153 ], [ -58.474254024373266, -34.63011685457667 ], [ -58.474104661356492, -34.630444592634426 ], [ -58.473484216133677, -34.631799049537953 ], [ -58.472874152554013, -34.63315863993445 ], [ -58.472280828063312, -34.634483317812411 ], [ -58.471756159058586, -34.635650490752219 ], [ -58.471302855565717, -34.636660328252205 ], [ -58.472416866153154, -34.636994603962791 ], [ -58.473494262881751, -34.637313116880875 ], [ -58.474417426903948, -34.637923108802461 ], [ -58.475323851361075, -34.638478134392479 ], [ -58.476072704654385, -34.638942494458284 ], [ -58.476292484534042, -34.638767407188958 ], [ -58.476778943596095, -34.63837970011479 ], [ -58.477592896898564, -34.637738207849353 ], [ -58.478357233919091, -34.637134072571854 ], [ -58.478545916351443, -34.637001986072171 ], [ -58.480049338612417, -34.63768836969237 ], [ -58.480404384933671, -34.637849685505095 ], [ -58.48146372123427, -34.63833776083132 ], [ -58.481745925014984, -34.638463102048775 ], [ -58.482883534628613, -34.638987473387743 ], [ -58.483903166393098, -34.639464080585398 ], [ -58.484607076677101, -34.639795294127502 ], [ -58.484880776188248, -34.639924594962459 ], [ -58.485321400563635, -34.640131642766256 ], [ -58.485516843951537, -34.640224637940165 ], [ -58.486066953368521, -34.640483403213317 ], [ -58.48696862752896, -34.640912235453392 ], [ -58.48780556744034, -34.641305596451637 ], [ -58.488045351301189, -34.641419308959613 ], [ -58.488712667856369, -34.641734752918765 ], [ -58.489544219402376, -34.642127769043931 ], [ -58.489625185187755, -34.64216423865718 ], [ -58.489995277494103, -34.642339940955381 ], [ -58.490177620982351, -34.642427624319723 ], [ -58.490586645006495, -34.642623710247364 ], [ -58.490881181337251, -34.642763276085255 ], [ -58.491636384103188, -34.64312908308802 ], [ -58.492332252466916, -34.643459757265035 ], [ -58.493666153021543, -34.644099539959655 ], [ -58.495061587252273, -34.64481052072162 ], [ -58.495234617447004, -34.64491110117104 ], [ -58.495398967141384, -34.6447774811339 ], [ -58.49642019833064, -34.643977929698345 ], [ -58.49667793545219, -34.643773697091255 ], [ -58.497139887108403, -34.643415840324749 ], [ -58.498188197226057, -34.64390758980295 ], [ -58.499223408593338, -34.644394027055661 ], [ -58.500250927638071, -34.644875486807607 ], [ -58.501275756339645, -34.645356772130938 ], [ -58.502301811871568, -34.645824644690073 ], [ -58.50283632638881, -34.645385874646806 ], [ -58.503329345956168, -34.644984978194245 ], [ -58.50384588296896, -34.644594520457318 ], [ -58.50435079242947, -34.644212328463531 ], [ -58.504470531860235, -34.64412087255981 ], [ -58.50566129176638, -34.643219376598481 ], [ -58.506848918253503, -34.642322167033292 ], [ -58.506965544546162, -34.642235009453159 ], [ -58.508034220033011, -34.641420306818425 ], [ -58.509210981945373, -34.640522399199725 ], [ -58.509789083462834, -34.640081792596327 ], [ -58.509822582477724, -34.640011964773485 ], [ -58.510052485662584, -34.639122958529519 ], [ -58.510316812764877, -34.638123738588796 ], [ -58.510495927543502, -34.637375388271437 ], [ -58.510246139315207, -34.637341986037256 ], [ -58.509999054651999, -34.637308750284625 ], [ -58.509763187394597, -34.637271713356654 ], [ -58.509518806580004, -34.637238643649631 ], [ -58.509285239093437, -34.637206241427712 ], [ -58.509137367970759, -34.637188119752267 ], [ -58.509057078388892, -34.637174172764098 ], [ -58.508799182131142, -34.637140266703248 ], [ -58.508557505702171, -34.637107362145642 ], [ -58.508307719804279, -34.637073956098753 ], [ -58.508074153688277, -34.637041551650604 ], [ -58.507832478103275, -34.637008645713323 ], [ -58.50777070762885, -34.637000335646455 ], [ -58.50757998983029, -34.636975071214266 ], [ -58.50734642453768, -34.636942665428506 ], [ -58.507104749799339, -34.636909758106377 ], [ -58.506854965638425, -34.636876349200925 ], [ -58.506597072078776, -34.636842438663571 ], [ -58.506355398207759, -34.636809529914807 ], [ -58.506231453915859, -34.636797376886115 ], [ -58.50597896755486, -34.636763799199649 ], [ -58.505782844923729, -34.636738197944162 ], [ -58.505672821306362, -34.636722411119017 ], [ -58.505737143309091, -34.636672463762068 ], [ -58.505871597769513, -34.636568434469638 ], [ -58.506445488662607, -34.636114102757688 ], [ -58.506820196918213, -34.635818215178773 ], [ -58.506962810250414, -34.635894430869904 ], [ -58.50709296821428, -34.635897979886479 ], [ -58.50765306193609, -34.63589663848925 ], [ -58.508276765991916, -34.635732962611186 ], [ -58.50854786716544, -34.635650852669905 ], [ -58.508830588866608, -34.63556047281741 ], [ -58.509542378772444, -34.635294385954282 ], [ -58.50997766028609, -34.635110074628933 ], [ -58.510672137104827, -34.634824936904003 ], [ -58.511329168990621, -34.634532988889099 ], [ -58.511447953796271, -34.634481907826711 ], [ -58.511866604710754, -34.634301055640996 ], [ -58.51253484561412, -34.634005299011427 ], [ -58.512625385769816, -34.633965953481727 ], [ -58.513323356669233, -34.633672027680468 ], [ -58.513913230617099, -34.633461296137781 ], [ -58.514075667060006, -34.63340841334422 ], [ -58.514865571942543, -34.633210024569237 ], [ -58.514912333187539, -34.633203923652751 ], [ -58.515369817494872, -34.633164756278426 ], [ -58.515416578712816, -34.633158655158383 ], [ -58.515935147234018, -34.633105281255339 ], [ -58.516494422235596, -34.633112833691733 ], [ -58.517092715458865, -34.633019438534042 ], [ -58.518812019914684, -34.63300418811049 ], [ -58.518888112555061, -34.633004388661007 ], [ -58.519082741848152, -34.633016395104548 ], [ -58.519254253009528, -34.633013494362757 ], [ -58.519426167673558, -34.633006124664192 ], [ -58.519748371536018, -34.632990050608484 ], [ -58.519896764419975, -34.632972242141157 ], [ -58.52006988941249, -34.632951465354687 ], [ -58.520173538289768, -34.632917415923892 ], [ -58.520240794274294, -34.632804730520398 ], [ -58.520342346306009, -34.632914346873306 ], [ -58.520391165697845, -34.632975774749795 ], [ -58.520529311265982, -34.633011256697273 ], [ -58.520749039471404, -34.633227020612225 ], [ -58.520814403003236, -34.633406302409881 ], [ -58.520790519106619, -34.633490207877742 ], [ -58.520771355386906, -34.633551936430827 ], [ -58.520733027837075, -34.633675393516633 ], [ -58.520708336908015, -34.633768236394872 ], [ -58.520686469803678, -34.633829798196565 ], [ -58.521018280007326, -34.633827794191518 ], [ -58.521083560777008, -34.633827326595402 ], [ -58.5221688084455, -34.633970642401856 ], [ -58.522345608731762, -34.633999518749334 ], [ -58.523039862338926, -34.634168146661729 ], [ -58.523276821919602, -34.63422319890698 ], [ -58.524255490449733, -34.63446327842027 ], [ -58.524300639490342, -34.634475048904228 ], [ -58.52560579714131, -34.634591448081117 ], [ -58.526920683325805, -34.634690458212859 ], [ -58.527078043658442, -34.634754078806019 ], [ -58.52820870960241, -34.634846216335525 ], [ -58.528297515542057, -34.634856181564388 ], [ -58.528566351603608, -34.634859264053098 ], [ -58.528753282637169, -34.634866287161891 ], [ -58.529338237971928, -34.634830425967756 ], [ -58.529926988213525, -34.634812770183039 ] ] ] ] } },
{ "type": "Feature", "properties": { "fid": 116, "cpr": "02", "jur": "Ciudad Autónoma de Buenos Aires", "cde": "02077", "gna": "Comuna", "nam": "Comuna 11" }, "geometry": { "type": "MultiPolygon", "coordinates": [ [ [ [ -58.517742703483556, -34.619619217502184 ], [ -58.518209425760581, -34.619266052957592 ], [ -58.518539436694226, -34.619012300034719 ], [ -58.518673441366218, -34.618912719388263 ], [ -58.518901191972788, -34.618738036052989 ], [ -58.519341966997715, -34.618401240447973 ], [ -58.519481778401349, -34.618297523302203 ], [ -58.520124357055103, -34.617802413509878 ], [ -58.520892819305161, -34.617207215534037 ], [ -58.521015201263367, -34.617115902429838 ], [ -58.521958306521228, -34.616392163305179 ], [ -58.523121707967704, -34.615515731678919 ], [ -58.524122573846505, -34.614723635757066 ], [ -58.524271689827643, -34.614607004857653 ], [ -58.52497511281846, -34.614039223756912 ], [ -58.525113869089445, -34.614007331834593 ], [ -58.525426699486459, -34.613792940997733 ], [ -58.525614454069967, -34.613669701857916 ], [ -58.525716296172725, -34.613595092096602 ], [ -58.525850283631904, -34.613495501229323 ], [ -58.526539537016049, -34.612994240774007 ], [ -58.526944195205097, -34.612695630592043 ], [ -58.527348850513881, -34.612397018675665 ], [ -58.527758908064214, -34.612098737973525 ], [ -58.528160452361817, -34.611804424920336 ], [ -58.528553483547988, -34.6115140796201 ], [ -58.528939612288823, -34.611209826876362 ], [ -58.528431569955465, -34.610122535751664 ], [ -58.527613182650057, -34.60837803397304 ], [ -58.525762980362813, -34.604363601299113 ], [ -58.525158543576403, -34.603050177323155 ], [ -58.524088072835468, -34.600908174543243 ], [ -58.524046682972596, -34.600824739301039 ], [ -58.523760917857125, -34.600317327807559 ], [ -58.523545748397041, -34.599931099804081 ], [ -58.522957902076755, -34.598946724548426 ], [ -58.522780853761951, -34.598589806586155 ], [ -58.522624332398657, -34.598216179191141 ], [ -58.522406251629086, -34.597681482000745 ], [ -58.522346302387469, -34.597502537161247 ], [ -58.522301928040491, -34.597391956091634 ], [ -58.522288937978729, -34.597355206757214 ], [ -58.522047415071036, -34.596688750374362 ], [ -58.522023734538436, -34.596619887007812 ], [ -58.521982465703417, -34.596505003706433 ], [ -58.521822677754841, -34.596077251457828 ], [ -58.521668580333476, -34.595676811394625 ], [ -58.52134531802286, -34.594982848359955 ], [ -58.520700182678205, -34.593639942381223 ], [ -58.519904939496456, -34.59197323017959 ], [ -58.519604288792948, -34.591330087970697 ], [ -58.519435774406062, -34.590969199939941 ], [ -58.518710749987022, -34.589428139122653 ], [ -58.518699255399412, -34.589404962546155 ], [ -58.517038191141189, -34.585891919664498 ], [ -58.516793836988413, -34.585378065177302 ], [ -58.515089472918682, -34.581714050095897 ], [ -58.51496696230042, -34.581445867365957 ], [ -58.514925991262224, -34.581357962684805 ], [ -58.514698232520978, -34.581564098330041 ], [ -58.514572681223619, -34.581691160543471 ], [ -58.513921455642787, -34.582405905414419 ], [ -58.513816021427829, -34.582520727045129 ], [ -58.513272516762683, -34.583125280670266 ], [ -58.512469662786039, -34.584014896667604 ], [ -58.512358014968015, -34.584138320454706 ], [ -58.511811786399264, -34.584742698040671 ], [ -58.511154301073041, -34.585466025665276 ], [ -58.511042245939734, -34.585593916386365 ], [ -58.510493295599545, -34.5861981187754 ], [ -58.509790018755737, -34.58697702712174 ], [ -58.509023539698546, -34.58782392533093 ], [ -58.50824502725942, -34.588683555288625 ], [ -58.507505251102586, -34.589505129317274 ], [ -58.506724003802582, -34.590364578531123 ], [ -58.506071828511516, -34.591088200599522 ], [ -58.505422746613853, -34.591807515949476 ], [ -58.505287040944694, -34.591956406964542 ], [ -58.504770951089974, -34.592526659441681 ], [ -58.504119143685145, -34.593245797942487 ], [ -58.503473131780879, -34.593960796748611 ], [ -58.503084220926269, -34.594386118651528 ], [ -58.503545303023515, -34.594455049764591 ], [ -58.503182634379669, -34.594589914475883 ], [ -58.502878722324027, -34.594705941116942 ], [ -58.502758101449416, -34.594747916351672 ], [ -58.50179381333389, -34.595106223083008 ], [ -58.500711193226294, -34.59551112948521 ], [ -58.500126587124718, -34.595726629653399 ], [ -58.499715957371443, -34.595880985868611 ], [ -58.499553189819231, -34.595938326186669 ], [ -58.498386262389509, -34.596373946092562 ], [ -58.497177179716907, -34.596824920850374 ], [ -58.496786493245025, -34.596818733644604 ], [ -58.494717735058487, -34.596951396913319 ], [ -58.493419391946965, -34.597037330906716 ], [ -58.492910781234613, -34.597073262918684 ], [ -58.49248984298314, -34.597101137542502 ], [ -58.491218518172616, -34.597188719163157 ], [ -58.490188191645323, -34.597255257278533 ], [ -58.489528956645344, -34.597304318311423 ], [ -58.488544965868712, -34.597369216998125 ], [ -58.487798462614819, -34.597421852132179 ], [ -58.487355504852538, -34.597452838408358 ], [ -58.487145035629553, -34.597466765968065 ], [ -58.486682760311965, -34.597501046923483 ], [ -58.48648850206181, -34.597515977242765 ], [ -58.486132812210386, -34.597543376547875 ], [ -58.48485527310536, -34.597639491443253 ], [ -58.483038592199009, -34.597778577099376 ], [ -58.482917562807266, -34.597914868412531 ], [ -58.482128525387893, -34.598256905983099 ], [ -58.480782514738976, -34.598838518220951 ], [ -58.480324564582752, -34.599034805739748 ], [ -58.479747868843731, -34.599282145235016 ], [ -58.478831957816979, -34.599674709123185 ], [ -58.478543267127677, -34.599742186172094 ], [ -58.477728662781985, -34.599916350242836 ], [ -58.477265701657551, -34.600017952427244 ], [ -58.476916757816227, -34.600090675917343 ], [ -58.476403540735987, -34.60020713179582 ], [ -58.476457037493638, -34.600246396919637 ], [ -58.476537552896339, -34.600287337621104 ], [ -58.476733978453119, -34.600398374441674 ], [ -58.477498881686813, -34.600832242276802 ], [ -58.476973639351215, -34.601590515019105 ], [ -58.476383810305002, -34.602371739836855 ], [ -58.475737498118541, -34.603176418249021 ], [ -58.475706830373611, -34.603214956897197 ], [ -58.474934722858144, -34.604178084136834 ], [ -58.474018977225334, -34.60531652411882 ], [ -58.473041285960264, -34.604712159463084 ], [ -58.472902273129819, -34.604627145703752 ], [ -58.472650051433952, -34.604472199195307 ], [ -58.471803691041998, -34.603947869579756 ], [ -58.471711287970209, -34.603888214194768 ], [ -58.471610779207353, -34.603828055706714 ], [ -58.470435906351071, -34.602941830586929 ], [ -58.470195176064401, -34.602810059854157 ], [ -58.469294146810988, -34.602169986315324 ], [ -58.468914019784727, -34.60186779732004 ], [ -58.468767169646689, -34.601899121204504 ], [ -58.467494009701561, -34.602215492447648 ], [ -58.467335539649689, -34.602255079762003 ], [ -58.466084797985417, -34.602563840509006 ], [ -58.465798388031665, -34.602635920377921 ], [ -58.46527852615511, -34.602765393754446 ], [ -58.4649476674075, -34.602848190823877 ], [ -58.464360928752974, -34.602995972868086 ], [ -58.463073421482875, -34.603320390173636 ], [ -58.462911840254542, -34.603364271406484 ], [ -58.462110554121402, -34.603570605350576 ], [ -58.461590683278324, -34.603700061319181 ], [ -58.461470847410361, -34.603733054581205 ], [ -58.460539317959054, -34.603967230434385 ], [ -58.460124552011585, -34.604076251980601 ], [ -58.460021738969424, -34.6041013150476 ], [ -58.458936724365074, -34.604379857900042 ], [ -58.458474804236673, -34.604499422103224 ], [ -58.458783449151099, -34.604720811669999 ], [ -58.459512863617178, -34.605215492399047 ], [ -58.459653750015214, -34.605309624126761 ], [ -58.460311583279349, -34.605754917367811 ], [ -58.460513662157624, -34.605893292022962 ], [ -58.461542574640816, -34.606590805083364 ], [ -58.462151934225354, -34.607001623454458 ], [ -58.462509906166616, -34.60724853688388 ], [ -58.46270469885588, -34.607377468821475 ], [ -58.46219503395529, -34.608410729253919 ], [ -58.461642509406154, -34.609526697327382 ], [ -58.461076315313903, -34.610673266014885 ], [ -58.460553763092854, -34.611728182990461 ], [ -58.460487124943349, -34.611863335433142 ], [ -58.460038631434863, -34.612761091342783 ], [ -58.459544168262163, -34.613745854582575 ], [ -58.459449285189713, -34.613892730411116 ], [ -58.460394850940325, -34.614252568571871 ], [ -58.46066816059745, -34.614354931970659 ], [ -58.461866652444918, -34.614802375009646 ], [ -58.463030842166212, -34.615238688547251 ], [ -58.463204316747102, -34.615303388960172 ], [ -58.464134924304062, -34.615648790001359 ], [ -58.464466476309262, -34.615768244215417 ], [ -58.464540109554008, -34.615795285951251 ], [ -58.465544082972698, -34.61623060941028 ], [ -58.465677433594088, -34.616288320557949 ], [ -58.466652912846875, -34.616708385232613 ], [ -58.466765458622291, -34.616755816233635 ], [ -58.467962936323907, -34.617275034104324 ], [ -58.468637411402845, -34.617568549019893 ], [ -58.468798463166841, -34.617650444147429 ], [ -58.469094355799179, -34.61780361949716 ], [ -58.46934093389654, -34.617931265174832 ], [ -58.470387647654206, -34.618495020741342 ], [ -58.47140046255722, -34.619043183603978 ], [ -58.471623538144009, -34.619160379314877 ], [ -58.472790135232124, -34.619780985072353 ], [ -58.472935792777839, -34.619852932924111 ], [ -58.474192267391253, -34.620501571478073 ], [ -58.474511287270765, -34.620669650167798 ], [ -58.475491866758802, -34.621184327740778 ], [ -58.475746168334091, -34.621316934163836 ], [ -58.476026279342229, -34.621464621571533 ], [ -58.476742574132402, -34.621837077818725 ], [ -58.477809529927228, -34.622388550456421 ], [ -58.478006410200798, -34.622495123850918 ], [ -58.478118160731633, -34.622551482688934 ], [ -58.478799747443716, -34.622917281774278 ], [ -58.479377426082749, -34.623200245311175 ], [ -58.479756737238773, -34.62336306323725 ], [ -58.48074049462339, -34.62378353660111 ], [ -58.481734263107796, -34.624213610060465 ], [ -58.481789397705846, -34.624235001807705 ], [ -58.481922774987254, -34.624292698101407 ], [ -58.482745069830123, -34.624635745122816 ], [ -58.483427887034352, -34.624089423261232 ], [ -58.48404056347335, -34.62359716520087 ], [ -58.484972536686854, -34.622850587376753 ], [ -58.485113202784383, -34.622737979878075 ], [ -58.486185414748178, -34.621883250502066 ], [ -58.487266522411367, -34.621020074169159 ], [ -58.488203842696848, -34.620273798644796 ], [ -58.488338689928469, -34.620165319876385 ], [ -58.489413537881589, -34.619310720533456 ], [ -58.490488768474691, -34.618451640308436 ], [ -58.490617395095036, -34.618351760415955 ], [ -58.491563976766138, -34.617592547602598 ], [ -58.492636460263952, -34.616733275145187 ], [ -58.493711623975678, -34.615874157507996 ], [ -58.493831730736083, -34.615778239891597 ], [ -58.494786360869071, -34.615019495863287 ], [ -58.495573587560429, -34.614398671754842 ], [ -58.496561751194186, -34.613269025140802 ], [ -58.497404807628065, -34.612301146957506 ], [ -58.497534757167777, -34.612156405213248 ], [ -58.498158963646858, -34.611444594888958 ], [ -58.498301336888652, -34.611282646442369 ], [ -58.498444113807111, -34.61111622924404 ], [ -58.499352637919102, -34.610084980493724 ], [ -58.500194413239868, -34.609130479946721 ], [ -58.501329277261519, -34.609802770769107 ], [ -58.501460630393986, -34.609882786939856 ], [ -58.502208345622982, -34.610328929267716 ], [ -58.502370916581491, -34.610424354712222 ], [ -58.503103235972738, -34.610860553440993 ], [ -58.503255403643806, -34.610950841335296 ], [ -58.503410274041229, -34.611041296089326 ], [ -58.503721910328494, -34.611231309264838 ], [ -58.50386137544956, -34.611311824417079 ], [ -58.504139902591106, -34.611477322911547 ], [ -58.504278964623907, -34.611562306256552 ], [ -58.504529382874757, -34.611708092850449 ], [ -58.504665743330527, -34.611792908862576 ], [ -58.505250512672319, -34.612148082070192 ], [ -58.505413898930463, -34.61223456715549 ], [ -58.505564177305267, -34.612315748645791 ], [ -58.507055516007121, -34.613194250426972 ], [ -58.507522453458229, -34.613470238318435 ], [ -58.50762570696709, -34.613530538651759 ], [ -58.507868434099755, -34.61367135044145 ], [ -58.508015611536827, -34.613756831204206 ], [ -58.508310371155794, -34.613923323696774 ], [ -58.508467552023717, -34.61401840889944 ], [ -58.508726093490672, -34.614164689403928 ], [ -58.508850161440151, -34.61423526138006 ], [ -58.509056672692999, -34.614355860195481 ], [ -58.509206151507456, -34.614445975335428 ], [ -58.509580657486708, -34.614662325310078 ], [ -58.509745948985788, -34.614757909876701 ], [ -58.510019095754465, -34.61492306401032 ], [ -58.510140059838875, -34.614997936694671 ], [ -58.510346171408237, -34.615123002415665 ], [ -58.510430915089543, -34.6151776641304 ], [ -58.51057769449082, -34.615267611079851 ], [ -58.510704064755096, -34.615342817064331 ], [ -58.510843140750055, -34.615427794532309 ], [ -58.511005329180861, -34.615527679527979 ], [ -58.511250367532142, -34.615673121494048 ], [ -58.51167881391121, -34.615924250806977 ], [ -58.512137676161714, -34.616199724224998 ], [ -58.512573832507869, -34.616455820217666 ], [ -58.513048513167142, -34.616736760563157 ], [ -58.513651946444291, -34.617277285885926 ], [ -58.514333520890858, -34.617885541262076 ], [ -58.514944675371673, -34.618431031322636 ], [ -58.515015105279993, -34.618493794063397 ], [ -58.515696699611937, -34.619102044289612 ], [ -58.516413721623366, -34.619739438689379 ], [ -58.516529172244631, -34.61984542067853 ], [ -58.516951767609498, -34.620221992997145 ], [ -58.517742703483556, -34.619619217502184 ] ] ] ] } },
{ "type": "Feature", "properties": { "fid": 164, "cpr": "02", "jur": "Ciudad Autónoma de Buenos Aires", "cde": "02098", "gna": "Comuna", "nam": "Comuna 14" }, "geometry": { "type": "MultiPolygon", "coordinates": [ [ [ [ -58.438374553037761, -34.588779728939656 ], [ -58.438409410864381, -34.588754941762545 ], [ -58.438438051897933, -34.588738753678683 ], [ -58.438461290427782, -34.588722228880009 ], [ -58.43853600132001, -34.588677459060804 ], [ -58.43939134168442, -34.58811518393442 ], [ -58.440157641614213, -34.58760576665513 ], [ -58.441091183866241, -34.586989937786655 ], [ -58.441397859625781, -34.586784379022099 ], [ -58.44242703339026, -34.586102603386202 ], [ -58.443479020564261, -34.585408758702044 ], [ -58.444586380113883, -34.584673418635688 ], [ -58.444787809076068, -34.584519709238798 ], [ -58.444400244964932, -34.583197011805971 ], [ -58.443782419143965, -34.582255385169304 ], [ -58.443432515260341, -34.581802238082545 ], [ -58.44251094141368, -34.580945035465376 ], [ -58.442283048494843, -34.580733136306812 ], [ -58.441544430183939, -34.580044588293369 ], [ -58.440532577617276, -34.579105363806889 ], [ -58.439941949054727, -34.5785518392996 ], [ -58.440890283596396, -34.577802128992289 ], [ -58.441816132586226, -34.576821851839028 ], [ -58.441880026526725, -34.576776405393204 ], [ -58.442921632988117, -34.576045965858299 ], [ -58.443971846041713, -34.575369971494368 ], [ -58.443683353618674, -34.575077916573534 ], [ -58.443658378505958, -34.575053894914923 ], [ -58.443571575707345, -34.574963117128483 ], [ -58.443484366433388, -34.574876807273462 ], [ -58.443447107273286, -34.574838540760851 ], [ -58.443141339416222, -34.574527435870834 ], [ -58.442422217045646, -34.573804164833398 ], [ -58.441703106892341, -34.573080891129251 ], [ -58.440745483775586, -34.572113599491679 ], [ -58.441414465823286, -34.571746380851387 ], [ -58.441943787234472, -34.571451339072915 ], [ -58.442203785540457, -34.571310266771 ], [ -58.442545763315685, -34.57113385963229 ], [ -58.442956216189707, -34.570921275941934 ], [ -58.443640164442584, -34.570568455402167 ], [ -58.44382776137661, -34.570476790512174 ], [ -58.444112060029298, -34.570337226689517 ], [ -58.444887967293546, -34.569958670799672 ], [ -58.445706816905336, -34.569555822705304 ], [ -58.446497433329576, -34.569164691105108 ], [ -58.446693126432599, -34.56907352520971 ], [ -58.447043595202643, -34.568893139122785 ], [ -58.448134427349864, -34.568336454220209 ], [ -58.448644252053839, -34.568076112976698 ], [ -58.44904698078949, -34.567858532397871 ], [ -58.448387236722958, -34.56722885888508 ], [ -58.447855075047421, -34.566719454289512 ], [ -58.447795805531428, -34.566684312928722 ], [ -58.447321651316706, -34.566403181228118 ], [ -58.446426813850429, -34.56588018723393 ], [ -58.446065804109061, -34.565668999280661 ], [ -58.445521999023001, -34.565347579676029 ], [ -58.444614902439206, -34.564810330732321 ], [ -58.443648552485442, -34.564237933545776 ], [ -58.442622951759489, -34.563630387010683 ], [ -58.441971507926311, -34.563059613371713 ], [ -58.441498561471697, -34.562526912986264 ], [ -58.441345772654763, -34.562355639584425 ], [ -58.441167491614507, -34.562106392671986 ], [ -58.440968590079088, -34.562143430977898 ], [ -58.440819515501389, -34.56217009248919 ], [ -58.440659232632932, -34.562200548983704 ], [ -58.440510157921025, -34.562227210086313 ], [ -58.440378098828532, -34.562245944294318 ], [ -58.440229430649119, -34.562268137082363 ], [ -58.440091564030602, -34.562291002498881 ], [ -58.439948703218761, -34.562309063388994 ], [ -58.439822044783561, -34.562328133372034 ], [ -58.439667975629931, -34.562349989006229 ], [ -58.439552525404821, -34.562365263611483 ], [ -58.439404670351301, -34.56237851945324 ], [ -58.439245606988052, -34.562395570144439 ], [ -58.439091944397276, -34.562412957073491 ], [ -58.438932880979863, -34.562430007335358 ], [ -58.438785025852674, -34.562443262389735 ], [ -58.438659180626289, -34.562453395232744 ], [ -58.438527527862199, -34.562467659386087 ], [ -58.438363470312254, -34.562479904460858 ], [ -58.438221015928143, -34.562493495289289 ], [ -58.438094763906335, -34.562508095447399 ], [ -58.437958523815304, -34.56251308661178 ], [ -58.437838079333076, -34.562523555078215 ], [ -58.437696845248212, -34.562523741510404 ], [ -58.437571813555358, -34.562524937351071 ], [ -58.437424771945004, -34.56252925485601 ], [ -58.437277730353252, -34.562533572179625 ], [ -58.437125694809801, -34.562533084865713 ], [ -58.43697906008461, -34.562532933911108 ], [ -58.436821217008578, -34.562536577572885 ], [ -58.435950990468285, -34.562549743840336 ], [ -58.435413466502673, -34.56254769492201 ], [ -58.434948744013816, -34.562163761600914 ], [ -58.434794639451653, -34.561947466222392 ], [ -58.434882678596466, -34.561934980910408 ], [ -58.434944934907918, -34.561907408686153 ], [ -58.435126709815847, -34.561819887269614 ], [ -58.435534722783984, -34.561872277578111 ], [ -58.435781935350469, -34.561901165032936 ], [ -58.43607316774068, -34.561923808892281 ], [ -58.436262600178793, -34.561931121335874 ], [ -58.436447038810911, -34.561933629011691 ], [ -58.436582870875107, -34.561933107349411 ], [ -58.436729911267435, -34.561928790738769 ], [ -58.436959590030767, -34.561911650525225 ], [ -58.437112844800154, -34.561898734162106 ], [ -58.437239095848831, -34.56188413493323 ], [ -58.43765646762774, -34.561833756191596 ], [ -58.437822557618439, -34.561799172324918 ], [ -58.438028079724731, -34.561749072012489 ], [ -58.438194982964646, -34.561705551743835 ], [ -58.438362699533577, -34.561653095369778 ], [ -58.438463573426908, -34.56161894066399 ], [ -58.438581462906967, -34.561576859422885 ], [ -58.43869354483413, -34.561538909514205 ], [ -58.438891518155188, -34.561452391199786 ], [ -58.438993205043268, -34.561409300126471 ], [ -58.439084090374465, -34.561365536059007 ], [ -58.439254245959205, -34.561286270673918 ], [ -58.439465052995267, -34.561178084455499 ], [ -58.439684513465274, -34.561034490695981 ], [ -58.439794040101731, -34.560964927599848 ], [ -58.439886551148881, -34.560903291041591 ], [ -58.440032141383661, -34.56079553463546 ], [ -58.440207581086817, -34.560658184348675 ], [ -58.440366004916044, -34.560528760475805 ], [ -58.44045392758413, -34.560457851083761 ], [ -58.440536449415518, -34.560386605233106 ], [ -58.440613570421007, -34.560315022936578 ], [ -58.44067286290278, -34.560260303274625 ], [ -58.440775652185131, -34.560145386794446 ], [ -58.440860612867425, -34.560047332929464 ], [ -58.440879254314623, -34.560021534283145 ], [ -58.440934772011275, -34.559948606271455 ], [ -58.440965027866881, -34.559914544404315 ], [ -58.440998536213648, -34.559844738890583 ], [ -58.441033264178287, -34.559761529495361 ], [ -58.441059338942274, -34.559713727377371 ], [ -58.441113927694495, -34.559591315377496 ], [ -58.441142441654151, -34.559516705491681 ], [ -58.441186228844217, -34.559393620745631 ], [ -58.441237042665854, -34.55925300047177 ], [ -58.441267589043449, -34.559156050737869 ], [ -58.441306381689728, -34.559028161608929 ], [ -58.441334082127426, -34.558962487546324 ], [ -58.441362189042913, -34.558892345512611 ], [ -58.4413848953048, -34.558821867141894 ], [ -58.44137223654495, -34.558722226742667 ], [ -58.441345408681485, -34.558599237578932 ], [ -58.441277699749961, -34.558388330282398 ], [ -58.441164929205996, -34.558075764651548 ], [ -58.441056164970618, -34.557898246711439 ], [ -58.440928760376778, -34.55774652746139 ], [ -58.440704438204612, -34.557525866298029 ], [ -58.440421524967704, -34.557292569091473 ], [ -58.440171131229093, -34.557119709295939 ], [ -58.440000640691778, -34.557023718195552 ], [ -58.439818943084866, -34.556931522095446 ], [ -58.439584461246739, -34.556822558088761 ], [ -58.43946931090219, -34.556774946051561 ], [ -58.439202020872763, -34.556668431009882 ], [ -58.438982115525313, -34.556578346984594 ], [ -58.438814588317754, -34.556509498550646 ], [ -58.438492076230574, -34.55641302176705 ], [ -58.438164164645457, -34.556316207773428 ], [ -58.437973817264435, -34.556259416326576 ], [ -58.437842467715519, -34.556210793598332 ], [ -58.437602997396084, -34.556097021961513 ], [ -58.437356387375921, -34.555942365702577 ], [ -58.437132599832843, -34.555775651255622 ], [ -58.43685011005423, -34.555537879835448 ], [ -58.436709882589398, -34.555407824172974 ], [ -58.436614191020439, -34.555325476082814 ], [ -58.436471930596795, -34.555217759794907 ], [ -58.436192811161931, -34.555002663381252 ], [ -58.435962001263164, -34.554853482500754 ], [ -58.435723758129811, -34.554726304264129 ], [ -58.435396559054787, -34.554562128976542 ], [ -58.435183284964047, -34.554458972144282 ], [ -58.434109895646252, -34.553960718305476 ], [ -58.434653313445857, -34.553599183551789 ], [ -58.434634520563733, -34.553328417346677 ], [ -58.434213453857033, -34.552942713004526 ], [ -58.432732793805705, -34.55208656295855 ], [ -58.43233489405074, -34.551864053930672 ], [ -58.431947796601385, -34.551642217229855 ], [ -58.431730762554075, -34.551520847685467 ], [ -58.4314330265832, -34.551331540577252 ], [ -58.431293738230636, -34.551250963806716 ], [ -58.431107071298172, -34.5511539529193 ], [ -58.430891370168581, -34.551077597469785 ], [ -58.430672006655719, -34.551041452369311 ], [ -58.430468029281343, -34.551015252821614 ], [ -58.430145253224119, -34.550981644393602 ], [ -58.429800877824661, -34.55094668805836 ], [ -58.42955869463627, -34.550922597489517 ], [ -58.429370511005978, -34.550901874350167 ], [ -58.429171527666192, -34.550880477335681 ], [ -58.427925025961407, -34.551508161670604 ], [ -58.42689663014874, -34.55194724485672 ], [ -58.426709879821274, -34.55202995085012 ], [ -58.426618682346344, -34.551898450705828 ], [ -58.426575783686864, -34.551832869081878 ], [ -58.426181497422725, -34.551987996355379 ], [ -58.426129428146098, -34.5519038695113 ], [ -58.426038956407254, -34.551943156482899 ], [ -58.425695304901325, -34.552078975458635 ], [ -58.424262352824265, -34.549271158612129 ], [ -58.424247375432095, -34.549256744244772 ], [ -58.424226183683608, -34.54925092845022 ], [ -58.424203770034637, -34.549258516015364 ], [ -58.424186348841751, -34.549270908367355 ], [ -58.424184719630482, -34.549288779517234 ], [ -58.424193889947489, -34.549307324675404 ], [ -58.424214267102677, -34.54932207605269 ], [ -58.425049897607877, -34.550937862968524 ], [ -58.425572116699314, -34.551940985161963 ], [ -58.425562644048355, -34.551985326195066 ], [ -58.425570185798101, -34.552021742526165 ], [ -58.42557732028078, -34.552062626657531 ], [ -58.425573247569282, -34.552107304656381 ], [ -58.425563367610053, -34.552156113486681 ], [ -58.425078198569629, -34.552354990931427 ], [ -58.42423469667861, -34.552612379860932 ], [ -58.42290132481093, -34.553000938934566 ], [ -58.422837947916186, -34.552862186494671 ], [ -58.422320267009098, -34.553000610809029 ], [ -58.42236245054503, -34.553133547187507 ], [ -58.421273083043033, -34.553407016969629 ], [ -58.420849948050368, -34.553461473832606 ], [ -58.420477654774096, -34.553375321712295 ], [ -58.42009670184467, -34.553324573261186 ], [ -58.419685182446202, -34.553370764953357 ], [ -58.41945929992481, -34.553406083089868 ], [ -58.419208148718759, -34.553480261336226 ], [ -58.418844820683908, -34.55353395305773 ], [ -58.418523368875469, -34.553545327414604 ], [ -58.418212717069181, -34.553557375513108 ], [ -58.417846126945747, -34.55364680585506 ], [ -58.417615758581086, -34.553731265222289 ], [ -58.417287374875137, -34.553818587293662 ], [ -58.417050690981768, -34.553853225931064 ], [ -58.416778345016432, -34.553921581514508 ], [ -58.416658829030823, -34.553981512254744 ], [ -58.416492752050161, -34.554016067880205 ], [ -58.416135538463777, -34.554002735384287 ], [ -58.415793709432236, -34.553999349485892 ], [ -58.4155408250517, -34.554032972764396 ], [ -58.415237301653249, -34.554085896985917 ], [ -58.41481975818715, -34.554257503934245 ], [ -58.414455397120989, -34.554441419369773 ], [ -58.414132816636261, -34.554524601849785 ], [ -58.413906114599719, -34.554568844223205 ], [ -58.413640582020562, -34.554740961106496 ], [ -58.413407856289751, -34.554910634765953 ], [ -58.413069169578705, -34.555051218659329 ], [ -58.412757793900624, -34.555130604395011 ], [ -58.412378761616431, -34.555237211969072 ], [ -58.412245272483005, -34.555390620937771 ], [ -58.412081110340964, -34.5555825506462 ], [ -58.411743425554924, -34.555831029056392 ], [ -58.411400243853429, -34.556020751558918 ], [ -58.411166818010713, -34.556019636326432 ], [ -58.410918919164295, -34.556058054147449 ], [ -58.41074580440737, -34.556110133927753 ], [ -58.410622200380246, -34.556214734119671 ], [ -58.410560853513658, -34.556291775008688 ], [ -58.410452632832047, -34.556406323240495 ], [ -58.409898844001347, -34.556582871326988 ], [ -58.409878060138865, -34.556572585266579 ], [ -58.409851468048942, -34.556566429136232 ], [ -58.409824875963942, -34.556560273000542 ], [ -58.409798283883994, -34.556554116859523 ], [ -58.409771691809055, -34.556547960713232 ], [ -58.409744691553676, -34.556546272193337 ], [ -58.409717691300642, -34.556544583667495 ], [ -58.409690282861668, -34.556547362767063 ], [ -58.409662874421976, -34.5565501418601 ], [ -58.409640866031509, -34.556553258656095 ], [ -58.409613049397706, -34.556560505367926 ], [ -58.409585640954241, -34.556563284442547 ], [ -58.409562816169192, -34.556575336483377 ], [ -58.40954039957473, -34.556582920889312 ], [ -58.40951217472751, -34.556594635204824 ], [ -58.409494749976396, -34.556607024945492 ], [ -58.4094719251679, -34.556619076965774 ], [ -58.409448692150832, -34.556635596609553 ], [ -58.409430859178315, -34.556652453967182 ], [ -58.409413026198429, -34.556669311321102 ], [ -58.409400593266611, -34.556686506392595 ], [ -58.409382352065577, -34.556707831368207 ], [ -58.40936991912055, -34.556725026434997 ], [ -58.409362478019851, -34.556747026850665 ], [ -58.409349636853939, -34.556768689541563 ], [ -58.409342603952474, -34.556786222327304 ], [ -58.409340562898862, -34.556808560464383 ], [ -58.409333121778936, -34.556830560876236 ], [ -58.409331080719383, -34.556852899012732 ], [ -58.409334439724518, -34.55687557487461 ], [ -58.409332398661903, -34.556897913010921 ], [ -58.409341157736833, -34.556920926598771 ], [ -58.409344516744014, -34.556943602461132 ], [ -58.40935327582487, -34.556966616049145 ], [ -58.409362443122006, -34.556985162009632 ], [ -58.409371610422667, -34.557003707969976 ], [ -58.409385769591985, -34.557027059282433 ], [ -58.409400336979765, -34.557045942966433 ], [ -58.409415312584564, -34.557060359021548 ], [ -58.409470223179163, -34.557113217880215 ], [ -58.409435373412947, -34.557137997315827 ], [ -58.409449940828026, -34.557156880997795 ], [ -58.409590529993039, -34.55728249551742 ], [ -58.409488616441344, -34.557446861892565 ], [ -58.409437029629466, -34.557654814061536 ], [ -58.40941225664416, -34.55774762105608 ], [ -58.409391344030539, -34.557917053162697 ], [ -58.409365031120011, -34.55808614751956 ], [ -58.409321701100843, -34.558263163896235 ], [ -58.409264211523727, -34.55841682888056 ], [ -58.409095860447508, -34.558595012215498 ], [ -58.408858215473821, -34.558818285918058 ], [ -58.408655420067035, -34.559016779921343 ], [ -58.408304552795698, -34.55934979244784 ], [ -58.407864920832225, -34.559762620988813 ], [ -58.407439943216957, -34.560252747989999 ], [ -58.407225206324263, -34.560522382495947 ], [ -58.406836116064852, -34.560857491784965 ], [ -58.405132637908885, -34.562440323802939 ], [ -58.404592995040304, -34.562936742301154 ], [ -58.404400125995025, -34.562848287913191 ], [ -58.403886838246386, -34.563472160205301 ], [ -58.403664018220141, -34.563354871057626 ], [ -58.403732003595799, -34.563264770542389 ], [ -58.403396096342959, -34.563077498497172 ], [ -58.403322710431901, -34.563167260750809 ], [ -58.402344948090708, -34.56263427330456 ], [ -58.400668084459987, -34.561787917061984 ], [ -58.398803306943037, -34.560799469836958 ], [ -58.398748981519546, -34.560858971001032 ], [ -58.400456656272603, -34.561783664068528 ], [ -58.403285404464185, -34.563218843192466 ], [ -58.403217418696329, -34.563308943397494 ], [ -58.403559135335229, -34.563492086484615 ], [ -58.403632521372415, -34.563402324091754 ], [ -58.404025792246976, -34.563615651760188 ], [ -58.403791298878168, -34.563744754904519 ], [ -58.403433500042986, -34.563915563713763 ], [ -58.403155304771694, -34.56398801225204 ], [ -58.402680153275831, -34.564016678380113 ], [ -58.402501529965313, -34.564009989141795 ], [ -58.402320775860751, -34.563967221154549 ], [ -58.402144605014279, -34.563933726118805 ], [ -58.401874409309599, -34.563799988258488 ], [ -58.401691847273931, -34.56365825725225 ], [ -58.401466491428138, -34.56350935347762 ], [ -58.401275260434375, -34.563403024199296 ], [ -58.401136485395881, -34.563376362394806 ], [ -58.400960898353752, -34.563455230538779 ], [ -58.400866080928736, -34.563660470496956 ], [ -58.40090528288016, -34.563766267200464 ], [ -58.401098408679673, -34.564029975330854 ], [ -58.400704200207755, -34.564301837656849 ], [ -58.400497090214103, -34.56413160892923 ], [ -58.400373612074546, -34.564056479656458 ], [ -58.400164954027289, -34.563962536671511 ], [ -58.399979533382961, -34.563852076086313 ], [ -58.399678166523657, -34.56370290204103 ], [ -58.399595848719066, -34.563652815431077 ], [ -58.399325915038119, -34.563694320396436 ], [ -58.398958450529818, -34.563792619829634 ], [ -58.398732213148023, -34.563890777698234 ], [ -58.398473248712008, -34.564049788867706 ], [ -58.398249223713755, -34.564242439848101 ], [ -58.397923985079515, -34.564532091873176 ], [ -58.397811562459708, -34.564632884254344 ], [ -58.397727693465143, -34.564659082212849 ], [ -58.397579512243126, -34.564735168679341 ], [ -58.397510208518547, -34.564780251394168 ], [ -58.397445487213425, -34.564834607373406 ], [ -58.39739156669134, -34.564889639951247 ], [ -58.397109275427844, -34.565006748373349 ], [ -58.39696812953094, -34.565065302297413 ], [ -58.396881480277777, -34.56518118775152 ], [ -58.396821424019315, -34.565303232358666 ], [ -58.396787551833654, -34.565435903662255 ], [ -58.396785673307285, -34.565575072563853 ], [ -58.396795739484389, -34.565643099979248 ], [ -58.396843692312878, -34.565771911605246 ], [ -58.396930675751825, -34.565889689220946 ], [ -58.39699679207348, -34.56593876268348 ], [ -58.397129433961474, -34.566032442037141 ], [ -58.397201769032023, -34.566072918773614 ], [ -58.397295706226721, -34.566114748824525 ], [ -58.397395044042781, -34.566156917147509 ], [ -58.397442012734004, -34.566177832117852 ], [ -58.397512712159617, -34.566236178691973 ], [ -58.397565983147018, -34.566306912753085 ], [ -58.397614346409107, -34.566431256779964 ], [ -58.397673018128437, -34.566502329147063 ], [ -58.397724160693954, -34.566536984862601 ], [ -58.397749527503656, -34.566556546464057 ], [ -58.397782423597455, -34.566612524697987 ], [ -58.397876445622479, -34.566712770238624 ], [ -58.397926361484757, -34.566760828399232 ], [ -58.398044439929023, -34.566835622100776 ], [ -58.398158837928683, -34.566950623245269 ], [ -58.398295656498462, -34.567058042517353 ], [ -58.39837257575806, -34.567107792053648 ], [ -58.398468150597246, -34.567131751396673 ], [ -58.398557591320596, -34.567222723282306 ], [ -58.398587950197609, -34.567247090558283 ], [ -58.398627065583149, -34.567294471944749 ], [ -58.398646214348695, -34.567322630143543 ], [ -58.398670763735694, -34.567351126627585 ], [ -58.398739420316453, -34.567431810269689 ], [ -58.398773953123708, -34.567469918327923 ], [ -58.398798502593806, -34.567498414797292 ], [ -58.398813068708769, -34.567517299681519 ], [ -58.398837618204908, -34.56754579614649 ], [ -58.398872151100477, -34.567583904188595 ], [ -58.398907092960094, -34.567617544714217 ], [ -58.398981968467254, -34.567689631533256 ], [ -58.399031885542961, -34.567737689396139 ], [ -58.399066418602203, -34.567775797404678 ], [ -58.399110526204616, -34.567827984487579 ], [ -58.399170017962547, -34.567890121395543 ], [ -58.399204142221045, -34.56793269689458 ], [ -58.399263634118768, -34.567994833775181 ], [ -58.399318543275783, -34.568047697345108 ], [ -58.399408394771868, -34.56813420133421 ], [ -58.399502829306066, -34.568229978570912 ], [ -58.399547755221761, -34.568273230527467 ], [ -58.399572714083689, -34.568297259387606 ], [ -58.399597264052346, -34.568325755761933 ], [ -58.399626805817107, -34.56835905790382 ], [ -58.399651764726372, -34.568383086753961 ], [ -58.3996713229593, -34.568406777349871 ], [ -58.39969129010678, -34.568426000425767 ], [ -58.39971125726332, -34.568445223499509 ], [ -58.399749964898163, -34.568497072197282 ], [ -58.399763713582324, -34.568524892055549 ], [ -58.399797429478738, -34.568571934979438 ], [ -58.399831963208925, -34.568610042859589 ], [ -58.399875662796447, -34.568666697302902 ], [ -58.399934337895409, -34.568737769027358 ], [ -58.400003405637328, -34.568813984737815 ], [ -58.400032947722238, -34.568847286824052 ], [ -58.400087857902001, -34.568900150180838 ], [ -58.400102833417499, -34.568914567457128 ], [ -58.400127792621326, -34.568938596248451 ], [ -58.400158561459165, -34.568958495748127 ], [ -58.400178937730857, -34.568973251252253 ], [ -58.400194322160928, -34.568983200997906 ], [ -58.400203896974304, -34.568997280032974 ], [ -58.4002226377253, -34.569029905625484 ], [ -58.400187779979632, -34.569054681367476 ], [ -58.40016413258256, -34.569075666044441 ], [ -58.40014089406349, -34.569092183192687 ], [ -58.400117246643696, -34.569113167857452 ], [ -58.400094008105043, -34.56912968499411 ], [ -58.399982807121432, -34.569217076356821 ], [ -58.399563494029024, -34.568813391633228 ], [ -58.3995285514521, -34.568779751197781 ], [ -58.39946905887669, -34.568717614349076 ], [ -58.399369632159953, -34.568617031238325 ], [ -58.398922828249738, -34.568157705348028 ], [ -58.398654502837822, -34.567884789832966 ], [ -58.398431513078592, -34.567650658697886 ], [ -58.398357047108604, -34.567574104099315 ], [ -58.398182748405198, -34.567401433264429 ], [ -58.398063767212008, -34.567277158740978 ], [ -58.397988892920985, -34.567205071504532 ], [ -58.397855346463444, -34.56706191190414 ], [ -58.397602002613162, -34.566803412412746 ], [ -58.397577862755433, -34.56677044828276 ], [ -58.397527947118725, -34.56672239000364 ], [ -58.397507980879894, -34.566703166688306 ], [ -58.397487605654916, -34.566688410867393 ], [ -58.397452255776628, -34.566659237552727 ], [ -58.397421488474386, -34.566639337558364 ], [ -58.397390312188122, -34.566623905053746 ], [ -58.397369528004212, -34.566613616713667 ], [ -58.397342934279621, -34.566607457527184 ], [ -58.397316340559968, -34.5666012983353 ], [ -58.397289337840689, -34.566599606632693 ], [ -58.397256934580632, -34.566597576581756 ], [ -58.397229522858588, -34.566600352360112 ], [ -58.397207511678573, -34.56660346647687 ], [ -58.3971518702064, -34.566617952989887 ], [ -58.397090419160037, -34.566636568617113 ], [ -58.397045578741846, -34.566651731775742 ], [ -58.397006547874931, -34.566662765778275 ], [ -58.3969783180886, -34.566674476478319 ], [ -58.396950088295156, -34.566686187170724 ], [ -58.396892401604234, -34.566723011003653 ], [ -58.396779073248524, -34.566774321120967 ], [ -58.396688574088685, -34.566813582129633 ], [ -58.396569844955856, -34.566864553647619 ], [ -58.396541206003704, -34.566880731714868 ], [ -58.39651837664433, -34.566892780665476 ], [ -58.396494729175224, -34.566913764582985 ], [ -58.39645242570171, -34.566960538266272 ], [ -58.396320114416291, -34.567100520801255 ], [ -58.396259972768831, -34.567164149158799 ], [ -58.396241316651334, -34.567189938882613 ], [ -58.396217259951193, -34.567215390208425 ], [ -58.396199012879762, -34.56723671243963 ], [ -58.396168328355195, -34.567275227804444 ], [ -58.396056391114726, -34.567429965953899 ], [ -58.396006231997042, -34.567503205894234 ], [ -58.395936598275874, -34.567611170413656 ], [ -58.395867782548876, -34.56771019991109 ], [ -58.395848717065419, -34.567740457020641 ], [ -58.395830469767425, -34.567761779168407 ], [ -58.395783500778954, -34.567740863506828 ], [ -58.395746187932303, -34.567792442729434 ], [ -58.395798557538633, -34.567813696825603 ], [ -58.395754616734514, -34.567878340062954 ], [ -58.395686209636388, -34.56797290192177 ], [ -58.395598327575385, -34.568102188244254 ], [ -58.395404724117206, -34.56837761516578 ], [ -58.395253015251043, -34.568610736036845 ], [ -58.395233540144083, -34.568645460463934 ], [ -58.395224457175757, -34.568685329257988 ], [ -58.395216601638744, -34.568711795636112 ], [ -58.395214965047082, -34.568729665521623 ], [ -58.395206291202243, -34.568765066840591 ], [ -58.395203836306095, -34.568791871667912 ], [ -58.395205963767587, -34.568827949889666 ], [ -58.395211855290135, -34.5688822364488 ], [ -58.395212346145243, -34.568936184555909 ], [ -58.395216110208708, -34.568954392893588 ], [ -58.395192461766555, -34.568975376434885 ], [ -58.39509042140201, -34.569081309428078 ], [ -58.395018657499911, -34.569153194870722 ], [ -58.394946893468898, -34.569225080254256 ], [ -58.394928645562672, -34.569246402191908 ], [ -58.394886258432727, -34.56923475950444 ], [ -58.394861300888365, -34.56921072981563 ], [ -58.394840516512573, -34.569200440996418 ], [ -58.394772762741091, -34.569169236047081 ], [ -58.394741177034817, -34.569158270264651 ], [ -58.394714173651501, -34.569156577883447 ], [ -58.394681360411298, -34.569159014483716 ], [ -58.394653538662133, -34.569166257019639 ], [ -58.394630708399504, -34.569178305494162 ], [ -58.394613278808023, -34.569190692445233 ], [ -58.39458963015592, -34.569211675839533 ], [ -58.394565981491688, -34.569232659227588 ], [ -58.392995438132978, -34.572027775820068 ], [ -58.393053289877756, -34.572107785319638 ], [ -58.393178896951959, -34.572219000928108 ], [ -58.393923806541999, -34.572270188912043 ], [ -58.394193850045298, -34.572287115532902 ], [ -58.394323471006793, -34.572295240101312 ], [ -58.394453092020299, -34.572303364533703 ], [ -58.394821579511998, -34.572312980626293 ], [ -58.395206925866482, -34.572197844964712 ], [ -58.398353220584283, -34.57040453236295 ], [ -58.39880024928847, -34.570149468133089 ], [ -58.398977080157707, -34.570057202738234 ], [ -58.399341133416314, -34.569877815086421 ], [ -58.400127570904537, -34.569356443486626 ], [ -58.399989620801186, -34.569617391662433 ], [ -58.399777046119773, -34.569981500916725 ], [ -58.399669862686004, -34.570262348080149 ], [ -58.399659399690151, -34.57049533548031 ], [ -58.399721276781762, -34.570768798789409 ], [ -58.399918993567944, -34.571041783722237 ], [ -58.400288483074299, -34.571455827223581 ], [ -58.40037670309588, -34.571560201192767 ], [ -58.400536941013272, -34.571767934300816 ], [ -58.400556091235885, -34.571796092414033 ], [ -58.401759031034977, -34.573133994185397 ], [ -58.401778181939868, -34.573162152199295 ], [ -58.401831460283738, -34.573232885424979 ], [ -58.401898488654652, -34.573331438449124 ], [ -58.402043347934331, -34.573529220827638 ], [ -58.402141965404667, -34.573638737999367 ], [ -58.402514747220252, -34.574017037284847 ], [ -58.402644137103891, -34.574146453420546 ], [ -58.402620488534531, -34.574167438468614 ], [ -58.402553308498703, -34.574248601924587 ], [ -58.402321899970183, -34.574521673829125 ], [ -58.402096299829168, -34.574790615748512 ], [ -58.401845822416988, -34.575093944497517 ], [ -58.401657123914227, -34.575315771586794 ], [ -58.401239291670748, -34.575667029706132 ], [ -58.40116916135581, -34.575721048637163 ], [ -58.401145511938793, -34.575742033287924 ], [ -58.400850421883703, -34.575939223523122 ], [ -58.40060222083568, -34.576098911366984 ], [ -58.400360238047497, -34.576250001822942 ], [ -58.400124882633264, -34.576388027425807 ], [ -58.39992978909406, -34.576501615545197 ], [ -58.399781995067222, -34.576573234683728 ], [ -58.399531661314157, -34.576696841396583 ], [ -58.399265123185756, -34.576819432470892 ], [ -58.398985736515847, -34.576963683669 ], [ -58.398763224961456, -34.5770800452431 ], [ -58.398585968271192, -34.577176775822949 ], [ -58.398493820952993, -34.577233906804487 ], [ -58.398429907079695, -34.577279327114617 ], [ -58.39812940434291, -34.577476170742869 ], [ -58.398060088832977, -34.577521252409191 ], [ -58.397204236789008, -34.578087679669935 ], [ -58.397146541248937, -34.57812450259383 ], [ -58.396562544928926, -34.578510261382704 ], [ -58.396756580984928, -34.578823459830957 ], [ -58.396770738872632, -34.578846812637465 ], [ -58.396915182642765, -34.579049068297394 ], [ -58.397961253024874, -34.580498497083148 ], [ -58.398110285221229, -34.580710025477643 ], [ -58.399277283863647, -34.582737650728369 ], [ -58.399938346567183, -34.583646237548194 ], [ -58.40054654907366, -34.584479620538097 ], [ -58.401127871988173, -34.583945402386732 ], [ -58.401214624534475, -34.583887931822773 ], [ -58.401347863038936, -34.583797427459807 ], [ -58.401946452541232, -34.583430532449782 ], [ -58.402044092001418, -34.583432153888523 ], [ -58.404025529368845, -34.583448386890694 ], [ -58.405360896112533, -34.583460092534047 ], [ -58.406175245395524, -34.583466133235547 ], [ -58.406398878133082, -34.58381262399579 ], [ -58.407090488318154, -34.584803966009765 ], [ -58.407629280698295, -34.58556557696042 ], [ -58.40803735233343, -34.586152759040033 ], [ -58.408138531484077, -34.586293885462148 ], [ -58.408315924455415, -34.586552110097337 ], [ -58.409027141195331, -34.587567137051352 ], [ -58.409498510503497, -34.588234660073454 ], [ -58.410080241675253, -34.589061854274775 ], [ -58.411189989564861, -34.59035342211709 ], [ -58.412328915781984, -34.591682752626177 ], [ -58.412392609149336, -34.591758627302362 ], [ -58.412466698784861, -34.591839645363017 ], [ -58.412878825091425, -34.592323725949761 ], [ -58.413526986636604, -34.593078678313567 ], [ -58.414393670530693, -34.594058472506028 ], [ -58.414625991195898, -34.594607689696666 ], [ -58.415045600421976, -34.595604457415035 ], [ -58.415519838185041, -34.596716970025021 ], [ -58.416002032498433, -34.597861431631515 ], [ -58.41615993921868, -34.597857824107543 ], [ -58.417265286970029, -34.597832565598978 ], [ -58.417466824841974, -34.597827190440057 ], [ -58.418942425009284, -34.597793606591075 ], [ -58.420161643946621, -34.597770944161539 ], [ -58.420434235949095, -34.597761017272404 ], [ -58.421778130951083, -34.597741634981524 ], [ -58.422839854031444, -34.597718092489956 ], [ -58.422937105870744, -34.597724166995569 ], [ -58.423368928536185, -34.597755631615378 ], [ -58.423537446481134, -34.597635852993314 ], [ -58.424844674848082, -34.597065970979187 ], [ -58.426026597667992, -34.596618554119246 ], [ -58.426242103760408, -34.596519677909207 ], [ -58.426948866148201, -34.596217821096452 ], [ -58.427023589501502, -34.596173060105215 ], [ -58.428088363562679, -34.595520605164893 ], [ -58.429170145355883, -34.594860214531266 ], [ -58.429348639795073, -34.594750035875997 ], [ -58.430062613003123, -34.59430931799303 ], [ -58.430281777995575, -34.594170222793387 ], [ -58.431218979665353, -34.593545722500309 ], [ -58.432358710107131, -34.592785569942684 ], [ -58.433446129337923, -34.592062581955759 ], [ -58.434134268359976, -34.591606745750319 ], [ -58.434365447275425, -34.591454911559829 ], [ -58.435313801793107, -34.590826577354228 ], [ -58.436036780074865, -34.590345941497944 ], [ -58.436175401994078, -34.59025573188957 ], [ -58.437124544343533, -34.589618444081154 ], [ -58.43805043382995, -34.588997671600907 ], [ -58.438125552334533, -34.58894843419418 ], [ -58.438252957635079, -34.588862016053874 ], [ -58.438311054117051, -34.588820704158977 ], [ -58.438328483050526, -34.588808310583524 ], [ -58.438374553037761, -34.588779728939656 ] ] ] ] } },
{ "type": "Feature", "properties": { "fid": 179, "cpr": "02", "jur": "Ciudad Autónoma de Buenos Aires", "cde": "02049", "gna": "Comuna", "nam": "Comuna 7" }, "geometry": { "type": "MultiPolygon", "coordinates": [ [ [ [ -58.469906883127187, -34.639876310952097 ], [ -58.469972053689574, -34.639727581847637 ], [ -58.470375242285215, -34.638791027397069 ], [ -58.470443520067441, -34.638637997470504 ], [ -58.470811136462359, -34.637793593956395 ], [ -58.471224035918532, -34.636839664865491 ], [ -58.471302855565717, -34.636660328252205 ], [ -58.471756159058586, -34.635650490752219 ], [ -58.472280828063312, -34.634483317812411 ], [ -58.472874152554013, -34.63315863993445 ], [ -58.473484216133677, -34.631799049537953 ], [ -58.474104661356492, -34.630444592634426 ], [ -58.474254024373266, -34.63011685457667 ], [ -58.474555449002239, -34.629461545167153 ], [ -58.474989869694483, -34.628508933847762 ], [ -58.475471043226342, -34.627460365659594 ], [ -58.476037620518603, -34.626219382157522 ], [ -58.476491867827228, -34.625227552557263 ], [ -58.476952724393257, -34.624222650281361 ], [ -58.477017054030853, -34.624082850655391 ], [ -58.477415459202717, -34.623226848985361 ], [ -58.477809529927228, -34.622388550456421 ], [ -58.476742574132402, -34.621837077818725 ], [ -58.476026279342229, -34.621464621571533 ], [ -58.475746168334091, -34.621316934163836 ], [ -58.475491866758802, -34.621184327740778 ], [ -58.474511287270765, -34.620669650167798 ], [ -58.474192267391253, -34.620501571478073 ], [ -58.472935792777839, -34.619852932924111 ], [ -58.472790135232124, -34.619780985072353 ], [ -58.471623538144009, -34.619160379314877 ], [ -58.47140046255722, -34.619043183603978 ], [ -58.470387647654206, -34.618495020741342 ], [ -58.46934093389654, -34.617931265174832 ], [ -58.469094355799179, -34.61780361949716 ], [ -58.468798463166841, -34.617650444147429 ], [ -58.468637411402845, -34.617568549019893 ], [ -58.467962936323907, -34.617275034104324 ], [ -58.466765458622291, -34.616755816233635 ], [ -58.466652912846875, -34.616708385232613 ], [ -58.465677433594088, -34.616288320557949 ], [ -58.465544082972698, -34.61623060941028 ], [ -58.464540109554008, -34.615795285951251 ], [ -58.464466476309262, -34.615768244215417 ], [ -58.464134924304062, -34.615648790001359 ], [ -58.463204316747102, -34.615303388960172 ], [ -58.463030842166212, -34.615238688547251 ], [ -58.461866652444918, -34.614802375009646 ], [ -58.46066816059745, -34.614354931970659 ], [ -58.460394850940325, -34.614252568571871 ], [ -58.459449285189713, -34.613892730411116 ], [ -58.459035367484901, -34.614738710417363 ], [ -58.458499891064157, -34.615905146128725 ], [ -58.458200711948763, -34.616565041654681 ], [ -58.457766604033566, -34.61751310774865 ], [ -58.457295033720527, -34.618544215833083 ], [ -58.45722675659578, -34.618697237376544 ], [ -58.456623346698905, -34.620012211185639 ], [ -58.456076835768812, -34.621209399404329 ], [ -58.455557619965475, -34.622345375170809 ], [ -58.455048528625532, -34.623459510959613 ], [ -58.45483163682448, -34.623931299919775 ], [ -58.454763755837455, -34.624079850835848 ], [ -58.454577285046206, -34.624486131468885 ], [ -58.454032070295959, -34.625638454064372 ], [ -58.453938381134748, -34.62577191836548 ], [ -58.453438191386631, -34.626787744923867 ], [ -58.452872133427945, -34.627929776642553 ], [ -58.452669425847006, -34.628335042756262 ], [ -58.45257110766245, -34.628549097962903 ], [ -58.452104271247656, -34.629526552741744 ], [ -58.45199702762234, -34.629749038464439 ], [ -58.451578450049375, -34.630644120618044 ], [ -58.45050011421165, -34.630487123274435 ], [ -58.449360437367773, -34.630317310225529 ], [ -58.449054369987863, -34.630275785086887 ], [ -58.448223469840173, -34.6301476553177 ], [ -58.447515672970205, -34.630040667195196 ], [ -58.446424253603979, -34.629878325803361 ], [ -58.44606225025629, -34.629824322172325 ], [ -58.444477225400064, -34.629590773536599 ], [ -58.442927347025396, -34.629359394763277 ], [ -58.441760688692568, -34.629187829619482 ], [ -58.439529274432402, -34.628860006136279 ], [ -58.438593016159594, -34.628725242228647 ], [ -58.437171682279413, -34.628515286097816 ], [ -58.43565077367694, -34.628294608754715 ], [ -58.434765881212037, -34.628163019818771 ], [ -58.433821537960362, -34.628027715069322 ], [ -58.432544948114888, -34.627840216427849 ], [ -58.432335787245542, -34.627809190285383 ], [ -58.430935710168114, -34.627604981743886 ], [ -58.429637111285032, -34.627420572318165 ], [ -58.428365953356966, -34.627233369281214 ], [ -58.428161793513098, -34.627207141549931 ], [ -58.427083585666075, -34.627049946274759 ], [ -58.426756341080868, -34.627002549630397 ], [ -58.426502506005995, -34.628114504694068 ], [ -58.426456287612403, -34.628322801266634 ], [ -58.42625365789366, -34.629231263654624 ], [ -58.426216518422123, -34.629399687806803 ], [ -58.426016740296546, -34.630276874855475 ], [ -58.42597837415412, -34.630458702048834 ], [ -58.42593469795883, -34.630698609911576 ], [ -58.425804702347023, -34.631288093350506 ], [ -58.425753890772889, -34.631487116064427 ], [ -58.42568573301304, -34.631756947342105 ], [ -58.425531660969874, -34.632371885906487 ], [ -58.425456870540806, -34.632654782430492 ], [ -58.425222596076168, -34.633552278750741 ], [ -58.425186676535738, -34.63370729883728 ], [ -58.425091173131406, -34.634038326871952 ], [ -58.424861790856667, -34.634882208647291 ], [ -58.424676368753822, -34.635661437436802 ], [ -58.424526362670505, -34.636231695468609 ], [ -58.424388799154187, -34.636784757610862 ], [ -58.424276754966854, -34.637177656771527 ], [ -58.424042037213709, -34.638079615114584 ], [ -58.423762302296424, -34.63917646299241 ], [ -58.423494093786417, -34.640206631330543 ], [ -58.424918512259133, -34.64044391440175 ], [ -58.425068236626011, -34.640471242086271 ], [ -58.42616577943096, -34.640656634778466 ], [ -58.426770904849342, -34.640757340862081 ], [ -58.427423866854305, -34.640870018352373 ], [ -58.427996970529904, -34.640964225085952 ], [ -58.428355479548543, -34.641027054489506 ], [ -58.428569667548146, -34.641062897029464 ], [ -58.429255070864194, -34.641177590760492 ], [ -58.429731284545575, -34.64126124589874 ], [ -58.429924667812031, -34.641286800469857 ], [ -58.430123457052638, -34.641312692267668 ], [ -58.430926569095853, -34.641448205848384 ], [ -58.43116115842961, -34.641498797392252 ], [ -58.431422368956291, -34.641555543644678 ], [ -58.432116145277035, -34.641697703880268 ], [ -58.432345330608264, -34.641747955867679 ], [ -58.43230551598338, -34.642302638499451 ], [ -58.432253451287522, -34.642991355141 ], [ -58.432218729512549, -34.643609261700021 ], [ -58.43217482759254, -34.644208622058336 ], [ -58.432108661337764, -34.645170549065035 ], [ -58.432620605372399, -34.645220478502559 ], [ -58.433483214957967, -34.645597836149619 ], [ -58.434925098615679, -34.646240494935796 ], [ -58.434819877121981, -34.646350754782965 ], [ -58.434605913711792, -34.646580041058165 ], [ -58.434522062408099, -34.646664674374485 ], [ -58.433766688634549, -34.647255581357385 ], [ -58.432970193657006, -34.647879862508439 ], [ -58.432841455845157, -34.647979665868888 ], [ -58.431961907698181, -34.64867963441889 ], [ -58.430817819312196, -34.649596729489055 ], [ -58.430590632541943, -34.649762275679073 ], [ -58.430520445937482, -34.649816305936852 ], [ -58.430433223176557, -34.649878258960811 ], [ -58.430846725840318, -34.650232087948126 ], [ -58.430982894874703, -34.650348428948433 ], [ -58.431417619471759, -34.650708074621036 ], [ -58.432034727259442, -34.651213903898039 ], [ -58.432992433941713, -34.651979136428352 ], [ -58.433676987809129, -34.652520621761788 ], [ -58.434435046658997, -34.653120610938352 ], [ -58.435061117809909, -34.653617999922645 ], [ -58.43602240083635, -34.654374448613993 ], [ -58.437100101621759, -34.65510670095798 ], [ -58.438003732615613, -34.655810112745613 ], [ -58.438418230176026, -34.655498970744361 ], [ -58.438848181144969, -34.655107911260366 ], [ -58.439486493885838, -34.654608525932311 ], [ -58.440405540586298, -34.65389299114775 ], [ -58.441535123119813, -34.653015335848195 ], [ -58.441632084630889, -34.652936008234633 ], [ -58.442653460596055, -34.652141460630126 ], [ -58.442750012139477, -34.652066599749297 ], [ -58.442823305447249, -34.652008262201001 ], [ -58.442908227668354, -34.651941662869923 ], [ -58.442952448246487, -34.6519039795281 ], [ -58.443006002310895, -34.651853397999517 ], [ -58.443060372007857, -34.651793880620737 ], [ -58.443112446150288, -34.651729726780701 ], [ -58.443159113573515, -34.651665235876649 ], [ -58.443205116797508, -34.651578236877626 ], [ -58.443244897617106, -34.651499836644888 ], [ -58.44326682716153, -34.651438296963043 ], [ -58.443296610264724, -34.651350286825419 ], [ -58.443324400782053, -34.651194752459908 ], [ -58.443522301123082, -34.651171141706961 ], [ -58.443640174394211, -34.65116051572393 ], [ -58.444406629852388, -34.651073487991631 ], [ -58.444621610428293, -34.650952086460535 ], [ -58.444952742742558, -34.651017656833709 ], [ -58.445805916212215, -34.651052851159697 ], [ -58.448828125552303, -34.651182725677849 ], [ -58.451977379942541, -34.651082286016582 ], [ -58.453340091572016, -34.650955935793263 ], [ -58.453822806208741, -34.650909597001231 ], [ -58.454637513994371, -34.650829999486895 ], [ -58.45469970179203, -34.651161886428596 ], [ -58.454766889395543, -34.651498577946086 ], [ -58.454798413013862, -34.651779129258493 ], [ -58.454863078995977, -34.651994342703006 ], [ -58.454942223813269, -34.652170016895781 ], [ -58.455063288829145, -34.652303366319387 ], [ -58.455329897782413, -34.652540134701368 ], [ -58.456996909631179, -34.653937965673435 ], [ -58.457113794853591, -34.654057573198642 ], [ -58.458018805349077, -34.654837317072605 ], [ -58.458278541558464, -34.655060172274119 ], [ -58.458926682279603, -34.655585779846156 ], [ -58.459071944616554, -34.655752085038515 ], [ -58.459157759596408, -34.655824824218548 ], [ -58.459701839283959, -34.656299021069664 ], [ -58.460356074593442, -34.656847468285321 ], [ -58.461322180017781, -34.656121208192786 ], [ -58.46155799833857, -34.655920189854804 ], [ -58.462032886610096, -34.655482406524563 ], [ -58.46257428229508, -34.655030782636977 ], [ -58.463533863703866, -34.654286122776114 ], [ -58.46367880293144, -34.654187291546087 ], [ -58.463768451012733, -34.654098503098474 ], [ -58.463941382203146, -34.653960970978289 ], [ -58.464594271280816, -34.653538734596381 ], [ -58.465023003344271, -34.653219390629957 ], [ -58.465426994002058, -34.652903000607751 ], [ -58.465686047630705, -34.652685443346037 ], [ -58.466111133503468, -34.652316440724363 ], [ -58.466376810223146, -34.652085813074351 ], [ -58.466460639511027, -34.652001154098684 ], [ -58.466631550235604, -34.651796090680051 ], [ -58.467009976887034, -34.651491586165562 ], [ -58.466340689737414, -34.650510872339403 ], [ -58.465895426108318, -34.649966459108946 ], [ -58.465748266254785, -34.6497910573651 ], [ -58.465042762501753, -34.648879982229779 ], [ -58.464914386609024, -34.64873720105475 ], [ -58.464409810589579, -34.648157643378319 ], [ -58.463989020720831, -34.647673160343601 ], [ -58.463653377674198, -34.647238903154395 ], [ -58.463358550366713, -34.646834142981618 ], [ -58.46299999609014, -34.646173790064566 ], [ -58.463333501813594, -34.645974345723332 ], [ -58.463416776337695, -34.645925601492237 ], [ -58.46412031038399, -34.645394177127962 ], [ -58.464698245110178, -34.644958290327303 ], [ -58.464868306901643, -34.644852031160568 ], [ -58.465087169094929, -34.644717350714245 ], [ -58.46559696471207, -34.644313171518576 ], [ -58.466709953121367, -34.64343422072168 ], [ -58.466850680638245, -34.643321642310141 ], [ -58.46799000284576, -34.642421846943293 ], [ -58.469243396118273, -34.641403308379196 ], [ -58.469294912992261, -34.641285185698251 ], [ -58.469906883127187, -34.639876310952097 ] ] ] ] } },
{ "type": "Feature", "properties": { "fid": 185, "cpr": "02", "jur": "Ciudad Autónoma de Buenos Aires", "cde": "02042", "gna": "Comuna", "nam": "Comuna 6" }, "geometry": { "type": "MultiPolygon", "coordinates": [ [ [ [ -58.452669425847006, -34.628335042756262 ], [ -58.452872133427945, -34.627929776642553 ], [ -58.453438191386631, -34.626787744923867 ], [ -58.453938381134748, -34.62577191836548 ], [ -58.454032070295959, -34.625638454064372 ], [ -58.454577285046206, -34.624486131468885 ], [ -58.454763755837455, -34.624079850835848 ], [ -58.45483163682448, -34.623931299919775 ], [ -58.455048528625532, -34.623459510959613 ], [ -58.455557619965475, -34.622345375170809 ], [ -58.456076835768812, -34.621209399404329 ], [ -58.456623346698905, -34.620012211185639 ], [ -58.45722675659578, -34.618697237376544 ], [ -58.457295033720527, -34.618544215833083 ], [ -58.457766604033566, -34.61751310774865 ], [ -58.458200711948763, -34.616565041654681 ], [ -58.458499891064157, -34.615905146128725 ], [ -58.459035367484901, -34.614738710417363 ], [ -58.459449285189713, -34.613892730411116 ], [ -58.459544168262163, -34.613745854582575 ], [ -58.460038631434863, -34.612761091342783 ], [ -58.460487124943349, -34.611863335433142 ], [ -58.460553763092854, -34.611728182990461 ], [ -58.461076315313903, -34.610673266014885 ], [ -58.461642509406154, -34.609526697327382 ], [ -58.46219503395529, -34.608410729253919 ], [ -58.46270469885588, -34.607377468821475 ], [ -58.462509906166616, -34.60724853688388 ], [ -58.462151934225354, -34.607001623454458 ], [ -58.461542574640816, -34.606590805083364 ], [ -58.460513662157624, -34.605893292022962 ], [ -58.460311583279349, -34.605754917367811 ], [ -58.459653750015214, -34.605309624126761 ], [ -58.459512863617178, -34.605215492399047 ], [ -58.458783449151099, -34.604720811669999 ], [ -58.458474804236673, -34.604499422103224 ], [ -58.458079759931699, -34.604600675556107 ], [ -58.456563344281165, -34.604991667348365 ], [ -58.455803781334652, -34.60518707137642 ], [ -58.455525463116807, -34.605259628623571 ], [ -58.454982741496451, -34.605401113225554 ], [ -58.454002811788072, -34.605659185110525 ], [ -58.453070435972833, -34.605902233807669 ], [ -58.452959513854601, -34.605926785973232 ], [ -58.452430701532599, -34.606064630437189 ], [ -58.452015919046168, -34.606173621341298 ], [ -58.45150953286133, -34.606303870311564 ], [ -58.451050704651237, -34.606419103400285 ], [ -58.450739143666148, -34.606498566765119 ], [ -58.450658348070654, -34.606520498320229 ], [ -58.450238158183005, -34.606629146191075 ], [ -58.449290367503671, -34.606862217769077 ], [ -58.449062302090795, -34.606919914026342 ], [ -58.447041051149512, -34.607423137812781 ], [ -58.446629366754145, -34.607527808643979 ], [ -58.446248623562468, -34.607620924886113 ], [ -58.445679553096106, -34.607365312155885 ], [ -58.445265939228463, -34.60722272558624 ], [ -58.445133694271867, -34.607183035722379 ], [ -58.444167714957693, -34.606929654543393 ], [ -58.44298156047325, -34.606617615852251 ], [ -58.442825001336438, -34.606576408761235 ], [ -58.441599960692344, -34.606243961097313 ], [ -58.441467312499256, -34.606208735567982 ], [ -58.440244986935433, -34.605876443906169 ], [ -58.440159750848082, -34.605857651771331 ], [ -58.43996659180354, -34.605800680165082 ], [ -58.439285670254144, -34.60560996057427 ], [ -58.439203543929857, -34.605586868330839 ], [ -58.437974893720387, -34.604966589910354 ], [ -58.437175345887617, -34.604557279212109 ], [ -58.43705595480052, -34.604495915928517 ], [ -58.436618360385815, -34.604288900219949 ], [ -58.435337197005403, -34.603678802826245 ], [ -58.435150417158752, -34.603581782314748 ], [ -58.434974444595277, -34.603485435543277 ], [ -58.433913319657684, -34.602965432679042 ], [ -58.433866727439444, -34.602940060165331 ], [ -58.433336374567006, -34.602677821791332 ], [ -58.432330370029874, -34.603936085150579 ], [ -58.431531293000894, -34.604951133574829 ], [ -58.430668576234808, -34.605948724338006 ], [ -58.430605667697307, -34.607054634557237 ], [ -58.430563250614675, -34.607757429852427 ], [ -58.430553563724786, -34.607923076083019 ], [ -58.430515529446154, -34.608518306562601 ], [ -58.430474337089478, -34.608731412525479 ], [ -58.430417844789467, -34.609469275487044 ], [ -58.430369609301046, -34.610176200875856 ], [ -58.430334320036856, -34.610919880344881 ], [ -58.430320144058605, -34.611134672308495 ], [ -58.430257223297026, -34.611764295651369 ], [ -58.43023376971157, -34.611902123072909 ], [ -58.430130247074175, -34.613333506649674 ], [ -58.430123719728108, -34.61340499149167 ], [ -58.430114029149834, -34.613570637468385 ], [ -58.430089036519789, -34.614022897343389 ], [ -58.430028734705679, -34.615456978527448 ], [ -58.429255856432547, -34.615112180277293 ], [ -58.429220366896971, -34.615262735849747 ], [ -58.428794268502138, -34.617190705535897 ], [ -58.428589673863968, -34.618121517839768 ], [ -58.428551732101937, -34.618298879578361 ], [ -58.428317954415803, -34.619430065994408 ], [ -58.428286639772907, -34.619594361571671 ], [ -58.428072330257123, -34.620690816607315 ], [ -58.427942476763299, -34.62133872499782 ], [ -58.427842304825298, -34.621840208860419 ], [ -58.427798643250355, -34.622080118731162 ], [ -58.427490260116492, -34.62361103763056 ], [ -58.42746557010237, -34.623762266749281 ], [ -58.427240419207394, -34.624858042401584 ], [ -58.427176455574902, -34.62514161669845 ], [ -58.427040671833318, -34.625735234058389 ], [ -58.426973439714338, -34.626054550152439 ], [ -58.42681949209603, -34.626727911457607 ], [ -58.426756341080868, -34.627002549630397 ], [ -58.427083585666075, -34.627049946274759 ], [ -58.428161793513098, -34.627207141549931 ], [ -58.428365953356966, -34.627233369281214 ], [ -58.429637111285032, -34.627420572318165 ], [ -58.430935710168114, -34.627604981743886 ], [ -58.432335787245542, -34.627809190285383 ], [ -58.432544948114888, -34.627840216427849 ], [ -58.433821537960362, -34.628027715069322 ], [ -58.434765881212037, -34.628163019818771 ], [ -58.43565077367694, -34.628294608754715 ], [ -58.437171682279413, -34.628515286097816 ], [ -58.438593016159594, -34.628725242228647 ], [ -58.439529274432402, -34.628860006136279 ], [ -58.441760688692568, -34.629187829619482 ], [ -58.442927347025396, -34.629359394763277 ], [ -58.444477225400064, -34.629590773536599 ], [ -58.44606225025629, -34.629824322172325 ], [ -58.446424253603979, -34.629878325803361 ], [ -58.447515672970205, -34.630040667195196 ], [ -58.448223469840173, -34.6301476553177 ], [ -58.449054369987863, -34.630275785086887 ], [ -58.449360437367773, -34.630317310225529 ], [ -58.45050011421165, -34.630487123274435 ], [ -58.451578450049375, -34.630644120618044 ], [ -58.45199702762234, -34.629749038464439 ], [ -58.452104271247656, -34.629526552741744 ], [ -58.45257110766245, -34.628549097962903 ], [ -58.452669425847006, -34.628335042756262 ] ] ] ] } },
{ "type": "Feature", "properties": { "fid": 193, "cpr": "02", "jur": "Ciudad Autónoma de Buenos Aires", "cde": "02035", "gna": "Comuna", "nam": "Comuna 5" }, "geometry": { "type": "MultiPolygon", "coordinates": [ [ [ [ -58.42681949209603, -34.626727911457607 ], [ -58.426973439714338, -34.626054550152439 ], [ -58.427040671833318, -34.625735234058389 ], [ -58.427176455574902, -34.62514161669845 ], [ -58.427240419207394, -34.624858042401584 ], [ -58.42746557010237, -34.623762266749281 ], [ -58.427490260116492, -34.62361103763056 ], [ -58.427798643250355, -34.622080118731162 ], [ -58.427842304825298, -34.621840208860419 ], [ -58.427942476763299, -34.62133872499782 ], [ -58.428072330257123, -34.620690816607315 ], [ -58.428286639772907, -34.619594361571671 ], [ -58.428317954415803, -34.619430065994408 ], [ -58.428551732101937, -34.618298879578361 ], [ -58.428589673863968, -34.618121517839768 ], [ -58.428794268502138, -34.617190705535897 ], [ -58.429220366896971, -34.615262735849747 ], [ -58.429255856432547, -34.615112180277293 ], [ -58.430028734705679, -34.615456978527448 ], [ -58.430089036519789, -34.614022897343389 ], [ -58.430114029149834, -34.613570637468385 ], [ -58.430123719728108, -34.61340499149167 ], [ -58.430130247074175, -34.613333506649674 ], [ -58.43023376971157, -34.611902123072909 ], [ -58.430257223297026, -34.611764295651369 ], [ -58.430320144058605, -34.611134672308495 ], [ -58.430334320036856, -34.610919880344881 ], [ -58.430369609301046, -34.610176200875856 ], [ -58.430417844789467, -34.609469275487044 ], [ -58.430474337089478, -34.608731412525479 ], [ -58.430515529446154, -34.608518306562601 ], [ -58.430553563724786, -34.607923076083019 ], [ -58.430563250614675, -34.607757429852427 ], [ -58.430605667697307, -34.607054634557237 ], [ -58.430668576234808, -34.605948724338006 ], [ -58.431531293000894, -34.604951133574829 ], [ -58.432330370029874, -34.603936085150579 ], [ -58.433336374567006, -34.602677821791332 ], [ -58.433143788749675, -34.602584929558461 ], [ -58.432244483112207, -34.602137913280657 ], [ -58.432201153362712, -34.602076797589618 ], [ -58.431870933826154, -34.601705720898167 ], [ -58.431039331180017, -34.60075518207092 ], [ -58.430276050811727, -34.599889780926382 ], [ -58.430191129652613, -34.599808096285258 ], [ -58.430150759059934, -34.599774124253734 ], [ -58.429648372194599, -34.59932490013724 ], [ -58.429432351582953, -34.599131688662084 ], [ -58.429221021219583, -34.599006168390787 ], [ -58.428550130116612, -34.598676728247362 ], [ -58.427991177111551, -34.598430657109212 ], [ -58.427855593638057, -34.598368274983258 ], [ -58.427776996022963, -34.5983364093509 ], [ -58.426785203457044, -34.597950982670923 ], [ -58.426565314494532, -34.597919281985732 ], [ -58.426441454841623, -34.597907055985509 ], [ -58.426301794375256, -34.597889350121051 ], [ -58.424956973560661, -34.597859299915839 ], [ -58.423748045124299, -34.597828735303814 ], [ -58.423368928536185, -34.597755631615378 ], [ -58.422937105870744, -34.597724166995569 ], [ -58.422839854031444, -34.597718092489956 ], [ -58.421778130951083, -34.597741634981524 ], [ -58.420434235949095, -34.597761017272404 ], [ -58.420161643946621, -34.597770944161539 ], [ -58.418942425009284, -34.597793606591075 ], [ -58.417466824841974, -34.597827190440057 ], [ -58.417265286970029, -34.597832565598978 ], [ -58.41615993921868, -34.597857824107543 ], [ -58.416002032498433, -34.597861431631515 ], [ -58.415664607939512, -34.597867294880935 ], [ -58.414628681133451, -34.59790586583248 ], [ -58.41325492262235, -34.597954751836205 ], [ -58.412987734959714, -34.597965000211659 ], [ -58.412093507905944, -34.597998931822708 ], [ -58.411918576065062, -34.598010455330474 ], [ -58.41212626337979, -34.59930400612815 ], [ -58.412311804039852, -34.600245702861564 ], [ -58.412594819531165, -34.601606870695861 ], [ -58.412804839191644, -34.602518646464624 ], [ -58.412972593763428, -34.603239064384034 ], [ -58.413183435915002, -34.60414190528158 ], [ -58.413222753551182, -34.604306119641784 ], [ -58.413413939947453, -34.605126853592438 ], [ -58.413643629877207, -34.606120737431041 ], [ -58.413909691530286, -34.607251692238385 ], [ -58.413938523077732, -34.607352345939773 ], [ -58.414099390434124, -34.607910577947983 ], [ -58.414660073758192, -34.608197263136731 ], [ -58.414651899559267, -34.60828661604419 ], [ -58.414616611768423, -34.608850553092935 ], [ -58.414584183885452, -34.609383216556402 ], [ -58.414470732683498, -34.610742055834727 ], [ -58.414015627853267, -34.611558314101046 ], [ -58.413560921630946, -34.612370101837136 ], [ -58.413434947278283, -34.612618334496815 ], [ -58.413314784642566, -34.612862437322612 ], [ -58.413116957756166, -34.613420699067944 ], [ -58.41287362009475, -34.614119895743436 ], [ -58.41281702112061, -34.615450836148575 ], [ -58.412757699339195, -34.616633330567694 ], [ -58.412690864978948, -34.618075960834446 ], [ -58.4126828606556, -34.618282147441363 ], [ -58.412645874522525, -34.619398641307697 ], [ -58.41263410112785, -34.619586619298595 ], [ -58.412547976159594, -34.620646120342691 ], [ -58.412421648919242, -34.621788476818963 ], [ -58.412359425049999, -34.621874447634909 ], [ -58.412040577697411, -34.622982291382563 ], [ -58.412334546269015, -34.623036631117699 ], [ -58.412219165000934, -34.623999943955226 ], [ -58.412125547408586, -34.624784890223729 ], [ -58.41209714710395, -34.624976320953273 ], [ -58.412065387595128, -34.625145075443072 ], [ -58.411989247423094, -34.626510738754931 ], [ -58.41193388157901, -34.627590136869429 ], [ -58.411876789390718, -34.628628988111487 ], [ -58.411845215701639, -34.629211129171253 ], [ -58.411783292253013, -34.63036200827527 ], [ -58.411767009339592, -34.630599129274316 ], [ -58.411654049531116, -34.631535633615862 ], [ -58.411633093940559, -34.631705064042421 ], [ -58.411521695432519, -34.63286183308761 ], [ -58.411479033946051, -34.63297149329658 ], [ -58.41098780294589, -34.634239284922508 ], [ -58.410886345085636, -34.634516006557789 ], [ -58.410566644065661, -34.635098084981983 ], [ -58.410488273969023, -34.635241455156986 ], [ -58.41051138253917, -34.635701208647902 ], [ -58.410708527612186, -34.636338104737945 ], [ -58.410926151658579, -34.637048173942212 ], [ -58.411002160680631, -34.637286578447622 ], [ -58.411264017455601, -34.638107253183726 ], [ -58.411628306937168, -34.638165999833312 ], [ -58.411880312372958, -34.638204238333671 ], [ -58.413191124466252, -34.6384345467335 ], [ -58.414555182403156, -34.638677158970054 ], [ -58.415844802038933, -34.63890162004337 ], [ -58.41613923882754, -34.638951490524448 ], [ -58.417086599885153, -34.639114090209141 ], [ -58.417257939451233, -34.639142779271978 ], [ -58.418624074288253, -34.639363010217338 ], [ -58.419294858463388, -34.639458872259198 ], [ -58.41953565432339, -34.639500887420986 ], [ -58.419760233860913, -34.639541888236721 ], [ -58.420920975090134, -34.639749251889832 ], [ -58.422306715871294, -34.639993133810229 ], [ -58.423494093786417, -34.640206631330543 ], [ -58.423762302296424, -34.63917646299241 ], [ -58.424042037213709, -34.638079615114584 ], [ -58.424276754966854, -34.637177656771527 ], [ -58.424388799154187, -34.636784757610862 ], [ -58.424526362670505, -34.636231695468609 ], [ -58.424676368753822, -34.635661437436802 ], [ -58.424861790856667, -34.634882208647291 ], [ -58.425091173131406, -34.634038326871952 ], [ -58.425186676535738, -34.63370729883728 ], [ -58.425222596076168, -34.633552278750741 ], [ -58.425456870540806, -34.632654782430492 ], [ -58.425531660969874, -34.632371885906487 ], [ -58.42568573301304, -34.631756947342105 ], [ -58.425753890772889, -34.631487116064427 ], [ -58.425804702347023, -34.631288093350506 ], [ -58.42593469795883, -34.630698609911576 ], [ -58.42597837415412, -34.630458702048834 ], [ -58.426016740296546, -34.630276874855475 ], [ -58.426216518422123, -34.629399687806803 ], [ -58.42625365789366, -34.629231263654624 ], [ -58.426456287612403, -34.628322801266634 ], [ -58.426502506005995, -34.628114504694068 ], [ -58.426756341080868, -34.627002549630397 ], [ -58.42681949209603, -34.626727911457607 ] ] ] ] } },
{ "type": "Feature", "properties": { "fid": 220, "cpr": "02", "jur": "Ciudad Autónoma de Buenos Aires", "cde": "02063", "gna": "Comuna", "nam": "Comuna 9" }, "geometry": { "type": "MultiPolygon", "coordinates": [ [ [ [ -58.519144294682093, -34.661406298879029 ], [ -58.519838075980125, -34.660860446763301 ], [ -58.52004149752274, -34.660715721984658 ], [ -58.520160846024204, -34.660628720062881 ], [ -58.520660677823223, -34.66027310813012 ], [ -58.521677201222538, -34.659495512892633 ], [ -58.521943053723014, -34.659291724946605 ], [ -58.522485571004488, -34.658884813936886 ], [ -58.522919556699499, -34.658565572450605 ], [ -58.523804670763425, -34.657887698622922 ], [ -58.52458964221718, -34.657324970430295 ], [ -58.525427834164034, -34.65668463227906 ], [ -58.525480541044729, -34.656642945531452 ], [ -58.525705291462394, -34.656472563011178 ], [ -58.525943964350844, -34.656298544688859 ], [ -58.52625709439387, -34.656052724082798 ], [ -58.52679968955055, -34.655614340115456 ], [ -58.527161321913617, -34.655313089263956 ], [ -58.527523190833449, -34.65494894077468 ], [ -58.527565079753046, -34.654906586202628 ], [ -58.527851399147728, -34.654596197340389 ], [ -58.527988522543296, -34.654402434629418 ], [ -58.528215874626738, -34.654052461344051 ], [ -58.528355938420233, -34.653795968328772 ], [ -58.528363362765006, -34.653773957660619 ], [ -58.528521170184128, -34.65332083761281 ], [ -58.528682201605413, -34.652831966798679 ], [ -58.528731658082911, -34.652524953127234 ], [ -58.52878462436194, -34.652209168419105 ], [ -58.528832848871239, -34.651614485622261 ], [ -58.528865345749217, -34.651194085712042 ], [ -58.528941508717274, -34.650259607614345 ], [ -58.528951707842353, -34.650116439523366 ], [ -58.528996986741163, -34.649072210928779 ], [ -58.52907629495428, -34.647711030591125 ], [ -58.529155670186661, -34.646740801160512 ], [ -58.529172839274281, -34.646490215118213 ], [ -58.529204854256591, -34.646195607380378 ], [ -58.529210520125488, -34.645921844366093 ], [ -58.529201694657509, -34.645597758442776 ], [ -58.529194578209143, -34.645435548901531 ], [ -58.52917723844935, -34.645115432048172 ], [ -58.529173583397593, -34.644854575699277 ], [ -58.529215271458035, -34.644452716591402 ], [ -58.529255916231996, -34.64412269142705 ], [ -58.529301133144081, -34.643500861320071 ], [ -58.529312940996604, -34.643339817769224 ], [ -58.529337765650673, -34.643004324227839 ], [ -58.529377621781691, -34.642472036611466 ], [ -58.529401353992384, -34.642118501191995 ], [ -58.529466216731684, -34.64109794745 ], [ -58.529501182669662, -34.64052940940757 ], [ -58.529575661812274, -34.639311727944381 ], [ -58.529577676908168, -34.639289383890571 ], [ -58.529600481129997, -34.638976234026174 ], [ -58.529603705231509, -34.638940483535904 ], [ -58.52963513992318, -34.638591916231732 ], [ -58.529757700054859, -34.63732327296615 ], [ -58.529828286709936, -34.636419906255064 ], [ -58.52984250769709, -34.636232049470898 ], [ -58.529890525399857, -34.635578936195756 ], [ -58.529923530294454, -34.634911417212578 ], [ -58.529926988213525, -34.634812770183039 ], [ -58.529338237971928, -34.634830425967756 ], [ -58.528753282637169, -34.634866287161891 ], [ -58.528566351603608, -34.634859264053098 ], [ -58.528297515542057, -34.634856181564388 ], [ -58.52820870960241, -34.634846216335525 ], [ -58.527078043658442, -34.634754078806019 ], [ -58.526920683325805, -34.634690458212859 ], [ -58.52560579714131, -34.634591448081117 ], [ -58.524300639490342, -34.634475048904228 ], [ -58.524255490449733, -34.63446327842027 ], [ -58.523276821919602, -34.63422319890698 ], [ -58.523039862338926, -34.634168146661729 ], [ -58.522345608731762, -34.633999518749334 ], [ -58.5221688084455, -34.633970642401856 ], [ -58.521083560777008, -34.633827326595402 ], [ -58.521018280007326, -34.633827794191518 ], [ -58.520686469803678, -34.633829798196565 ], [ -58.520708336908015, -34.633768236394872 ], [ -58.520733027837075, -34.633675393516633 ], [ -58.520771355386906, -34.633551936430827 ], [ -58.520790519106619, -34.633490207877742 ], [ -58.520814403003236, -34.633406302409881 ], [ -58.520749039471404, -34.633227020612225 ], [ -58.520529311265982, -34.633011256697273 ], [ -58.520391165697845, -34.632975774749795 ], [ -58.520342346306009, -34.632914346873306 ], [ -58.520240794274294, -34.632804730520398 ], [ -58.520173538289768, -34.632917415923892 ], [ -58.52006988941249, -34.632951465354687 ], [ -58.519896764419975, -34.632972242141157 ], [ -58.519748371536018, -34.632990050608484 ], [ -58.519426167673558, -34.633006124664192 ], [ -58.519254253009528, -34.633013494362757 ], [ -58.519082741848152, -34.633016395104548 ], [ -58.518888112555061, -34.633004388661007 ], [ -58.518812019914684, -34.63300418811049 ], [ -58.517092715458865, -34.633019438534042 ], [ -58.516494422235596, -34.633112833691733 ], [ -58.515935147234018, -34.633105281255339 ], [ -58.515416578712816, -34.633158655158383 ], [ -58.515369817494872, -34.633164756278426 ], [ -58.514912333187539, -34.633203923652751 ], [ -58.514865571942543, -34.633210024569237 ], [ -58.514075667060006, -34.63340841334422 ], [ -58.513913230617099, -34.633461296137781 ], [ -58.513323356669233, -34.633672027680468 ], [ -58.512625385769816, -34.633965953481727 ], [ -58.51253484561412, -34.634005299011427 ], [ -58.511866604710754, -34.634301055640996 ], [ -58.511447953796271, -34.634481907826711 ], [ -58.511329168990621, -34.634532988889099 ], [ -58.510672137104827, -34.634824936904003 ], [ -58.50997766028609, -34.635110074628933 ], [ -58.509542378772444, -34.635294385954282 ], [ -58.508830588866608, -34.63556047281741 ], [ -58.50854786716544, -34.635650852669905 ], [ -58.508276765991916, -34.635732962611186 ], [ -58.50765306193609, -34.63589663848925 ], [ -58.50709296821428, -34.635897979886479 ], [ -58.506962810250414, -34.635894430869904 ], [ -58.506820196918213, -34.635818215178773 ], [ -58.506445488662607, -34.636114102757688 ], [ -58.505871597769513, -34.636568434469638 ], [ -58.505737143309091, -34.636672463762068 ], [ -58.505672821306362, -34.636722411119017 ], [ -58.505782844923729, -34.636738197944162 ], [ -58.50597896755486, -34.636763799199649 ], [ -58.506231453915859, -34.636797376886115 ], [ -58.506355398207759, -34.636809529914807 ], [ -58.506597072078776, -34.636842438663571 ], [ -58.506854965638425, -34.636876349200925 ], [ -58.507104749799339, -34.636909758106377 ], [ -58.50734642453768, -34.636942665428506 ], [ -58.50757998983029, -34.636975071214266 ], [ -58.50777070762885, -34.637000335646455 ], [ -58.507832478103275, -34.637008645713323 ], [ -58.508074153688277, -34.637041551650604 ], [ -58.508307719804279, -34.637073956098753 ], [ -58.508557505702171, -34.637107362145642 ], [ -58.508799182131142, -34.637140266703248 ], [ -58.509057078388892, -34.637174172764098 ], [ -58.509137367970759, -34.637188119752267 ], [ -58.509285239093437, -34.637206241427712 ], [ -58.509518806580004, -34.637238643649631 ], [ -58.509763187394597, -34.637271713356654 ], [ -58.509999054651999, -34.637308750284625 ], [ -58.510246139315207, -34.637341986037256 ], [ -58.510495927543502, -34.637375388271437 ], [ -58.510316812764877, -34.638123738588796 ], [ -58.510052485662584, -34.639122958529519 ], [ -58.509822582477724, -34.640011964773485 ], [ -58.509789083462834, -34.640081792596327 ], [ -58.509210981945373, -34.640522399199725 ], [ -58.508034220033011, -34.641420306818425 ], [ -58.506965544546162, -34.642235009453159 ], [ -58.506848918253503, -34.642322167033292 ], [ -58.50566129176638, -34.643219376598481 ], [ -58.504470531860235, -34.64412087255981 ], [ -58.50435079242947, -34.644212328463531 ], [ -58.50384588296896, -34.644594520457318 ], [ -58.503329345956168, -34.644984978194245 ], [ -58.50283632638881, -34.645385874646806 ], [ -58.502301811871568, -34.645824644690073 ], [ -58.501275756339645, -34.645356772130938 ], [ -58.500250927638071, -34.644875486807607 ], [ -58.499223408593338, -34.644394027055661 ], [ -58.498188197226057, -34.64390758980295 ], [ -58.497139887108403, -34.643415840324749 ], [ -58.49667793545219, -34.643773697091255 ], [ -58.49642019833064, -34.643977929698345 ], [ -58.495398967141384, -34.6447774811339 ], [ -58.495234617447004, -34.64491110117104 ], [ -58.495061587252273, -34.64481052072162 ], [ -58.493666153021543, -34.644099539959655 ], [ -58.492332252466916, -34.643459757265035 ], [ -58.491636384103188, -34.64312908308802 ], [ -58.490881181337251, -34.642763276085255 ], [ -58.490586645006495, -34.642623710247364 ], [ -58.490177620982351, -34.642427624319723 ], [ -58.489995277494103, -34.642339940955381 ], [ -58.489625185187755, -34.64216423865718 ], [ -58.489544219402376, -34.642127769043931 ], [ -58.488712667856369, -34.641734752918765 ], [ -58.488045351301189, -34.641419308959613 ], [ -58.48780556744034, -34.641305596451637 ], [ -58.48696862752896, -34.640912235453392 ], [ -58.486066953368521, -34.640483403213317 ], [ -58.485516843951537, -34.640224637940165 ], [ -58.485321400563635, -34.640131642766256 ], [ -58.484880776188248, -34.639924594962459 ], [ -58.484607076677101, -34.639795294127502 ], [ -58.483903166393098, -34.639464080585398 ], [ -58.482883534628613, -34.638987473387743 ], [ -58.481745925014984, -34.638463102048775 ], [ -58.48146372123427, -34.63833776083132 ], [ -58.480404384933671, -34.637849685505095 ], [ -58.480049338612417, -34.63768836969237 ], [ -58.478545916351443, -34.637001986072171 ], [ -58.478357233919091, -34.637134072571854 ], [ -58.477592896898564, -34.637738207849353 ], [ -58.476778943596095, -34.63837970011479 ], [ -58.476292484534042, -34.638767407188958 ], [ -58.476072704654385, -34.638942494458284 ], [ -58.475323851361075, -34.638478134392479 ], [ -58.474417426903948, -34.637923108802461 ], [ -58.473494262881751, -34.637313116880875 ], [ -58.472416866153154, -34.636994603962791 ], [ -58.471302855565717, -34.636660328252205 ], [ -58.471224035918532, -34.636839664865491 ], [ -58.470811136462359, -34.637793593956395 ], [ -58.470443520067441, -34.638637997470504 ], [ -58.470375242285215, -34.638791027397069 ], [ -58.469972053689574, -34.639727581847637 ], [ -58.469906883127187, -34.639876310952097 ], [ -58.469294912992261, -34.641285185698251 ], [ -58.469243396118273, -34.641403308379196 ], [ -58.46799000284576, -34.642421846943293 ], [ -58.466850680638245, -34.643321642310141 ], [ -58.466709953121367, -34.64343422072168 ], [ -58.46559696471207, -34.644313171518576 ], [ -58.465087169094929, -34.644717350714245 ], [ -58.464868306901643, -34.644852031160568 ], [ -58.464698245110178, -34.644958290327303 ], [ -58.46412031038399, -34.645394177127962 ], [ -58.463416776337695, -34.645925601492237 ], [ -58.463333501813594, -34.645974345723332 ], [ -58.46299999609014, -34.646173790064566 ], [ -58.463358550366713, -34.646834142981618 ], [ -58.463653377674198, -34.647238903154395 ], [ -58.463989020720831, -34.647673160343601 ], [ -58.464409810589579, -34.648157643378319 ], [ -58.464914386609024, -34.64873720105475 ], [ -58.465042762501753, -34.648879982229779 ], [ -58.465748266254785, -34.6497910573651 ], [ -58.465895426108318, -34.649966459108946 ], [ -58.466340689737414, -34.650510872339403 ], [ -58.467009976887034, -34.651491586165562 ], [ -58.466631550235604, -34.651796090680051 ], [ -58.466460639511027, -34.652001154098684 ], [ -58.466376810223146, -34.652085813074351 ], [ -58.466111133503468, -34.652316440724363 ], [ -58.465686047630705, -34.652685443346037 ], [ -58.465426994002058, -34.652903000607751 ], [ -58.465023003344271, -34.653219390629957 ], [ -58.464594271280816, -34.653538734596381 ], [ -58.463941382203146, -34.653960970978289 ], [ -58.463768451012733, -34.654098503098474 ], [ -58.46367880293144, -34.654187291546087 ], [ -58.463533863703866, -34.654286122776114 ], [ -58.46257428229508, -34.655030782636977 ], [ -58.462032886610096, -34.655482406524563 ], [ -58.46155799833857, -34.655920189854804 ], [ -58.461322180017781, -34.656121208192786 ], [ -58.460356074593442, -34.656847468285321 ], [ -58.460472300021337, -34.65694456512054 ], [ -58.460752457347226, -34.65718216618847 ], [ -58.461580234720103, -34.657885189864409 ], [ -58.461935955558374, -34.658158941565539 ], [ -58.462474134805447, -34.658578840158668 ], [ -58.46318073494276, -34.659090089854622 ], [ -58.464062770756797, -34.659765018756573 ], [ -58.464085476782508, -34.659784404014523 ], [ -58.464426475274415, -34.660070714410061 ], [ -58.464531394904355, -34.660023315804359 ], [ -58.464689481427527, -34.65983992626024 ], [ -58.467024102386155, -34.657998938565555 ], [ -58.46765648397583, -34.657503517073323 ], [ -58.469557786574079, -34.659108969398858 ], [ -58.469679880150984, -34.659022191967189 ], [ -58.46987133445937, -34.658890295296231 ], [ -58.470111596860406, -34.658729976076494 ], [ -58.47057008281535, -34.65841246053926 ], [ -58.471240989937336, -34.659914498740243 ], [ -58.472529351760393, -34.662789433575767 ], [ -58.472975555626007, -34.662457666438087 ], [ -58.473212042727248, -34.662279132958453 ], [ -58.473416348259896, -34.662125561406867 ], [ -58.47362957729392, -34.661963556624627 ], [ -58.474013037341081, -34.661663836843395 ], [ -58.474217746214421, -34.661505795319464 ], [ -58.474321725630929, -34.661408901486283 ], [ -58.474443959300011, -34.661290673573092 ], [ -58.475091070412525, -34.660782645217033 ], [ -58.475132173907582, -34.660749249178103 ], [ -58.475708698238599, -34.660299743503415 ], [ -58.47587000004885, -34.660170458558156 ], [ -58.477043577416829, -34.659254736048211 ], [ -58.47770187786913, -34.65874289245518 ], [ -58.477901164993355, -34.658584507266127 ], [ -58.478279592524146, -34.658279966058586 ], [ -58.478399785517077, -34.658184074148949 ], [ -58.47881890391654, -34.657850601498687 ], [ -58.479358944007195, -34.658221116652783 ], [ -58.479463708115055, -34.65829501818137 ], [ -58.479633224568687, -34.658404391016283 ], [ -58.479823559680618, -34.658524042092772 ], [ -58.480169894439477, -34.658752226561987 ], [ -58.480300885894579, -34.658836741367871 ], [ -58.48053475175611, -34.65898605259715 ], [ -58.480842969216454, -34.659184910083013 ], [ -58.48143399428028, -34.659563073057917 ], [ -58.482335547886798, -34.660144724408077 ], [ -58.483234816702669, -34.660721734654615 ], [ -58.484133692843386, -34.661303208124757 ], [ -58.485038801497957, -34.661876075096664 ], [ -58.485229153158294, -34.661995719660467 ], [ -58.485362453565564, -34.662084866250026 ], [ -58.485946221510126, -34.662453572833293 ], [ -58.487132030639678, -34.662810163662293 ], [ -58.488953422542345, -34.663354413844516 ], [ -58.490079112436597, -34.664403745875951 ], [ -58.491001209653454, -34.665269703674653 ], [ -58.491136686477155, -34.665394927540845 ], [ -58.491763104473343, -34.666013394515787 ], [ -58.491937389216588, -34.666190450196495 ], [ -58.492151291372721, -34.666410401238494 ], [ -58.492243234526484, -34.666505966513789 ], [ -58.492267842995325, -34.666534451849969 ], [ -58.492536372355872, -34.666811708111624 ], [ -58.492898335989864, -34.667198101691355 ], [ -58.49343797532589, -34.667784225990239 ], [ -58.493608752242444, -34.667970049556608 ], [ -58.493935838120763, -34.668291371385244 ], [ -58.493960853026785, -34.668315388094385 ], [ -58.4943552797303, -34.668703788510648 ], [ -58.494742408116373, -34.66908274891189 ], [ -58.495094112846161, -34.669432553779622 ], [ -58.495737898024295, -34.670070053609166 ], [ -58.495875688550562, -34.67019990993456 ], [ -58.497040086381134, -34.671184182442573 ], [ -58.497233860456426, -34.671326490079224 ], [ -58.497410326040125, -34.67144975189381 ], [ -58.497918496745505, -34.671813728642441 ], [ -58.498252907628853, -34.672054610480899 ], [ -58.498725251097156, -34.672393899094075 ], [ -58.498928764742502, -34.672518832967143 ], [ -58.499129574687025, -34.672643599212485 ], [ -58.499741873475358, -34.672969077832043 ], [ -58.500120506295445, -34.673172249687916 ], [ -58.500683455589702, -34.67347220253486 ], [ -58.501642765753175, -34.673989898027337 ], [ -58.502113502375984, -34.674257178582224 ], [ -58.504403697446982, -34.672542991889451 ], [ -58.5062480602924, -34.67115618439658 ], [ -58.506464371350127, -34.670989814913234 ], [ -58.508448715515257, -34.669467828465891 ], [ -58.510056503804933, -34.668259555852764 ], [ -58.510753788157444, -34.667736448356216 ], [ -58.511532848843508, -34.667150984448433 ], [ -58.512770427099028, -34.666216375427474 ], [ -58.514273867334666, -34.665077983896374 ], [ -58.515435821632416, -34.664197090079476 ], [ -58.515640067156149, -34.664043437482668 ], [ -58.516829842228844, -34.66315525872399 ], [ -58.517989318839284, -34.662301145323305 ], [ -58.518012567817166, -34.66228460582704 ], [ -58.518277630250793, -34.662089765640268 ], [ -58.519144294682093, -34.661406298879029 ] ] ] ] } },
{ "type": "Feature", "properties": { "fid": 233, "cpr": "02", "jur": "Ciudad Autónoma de Buenos Aires", "cde": "02056", "gna": "Comuna", "nam": "Comuna 8" }, "geometry": { "type": "MultiPolygon", "coordinates": [ [ [ [ -58.479503926483453, -34.691324573996027 ], [ -58.48015844390202, -34.690857430866473 ], [ -58.480777791509055, -34.690388101253021 ], [ -58.48214482186021, -34.689354042874335 ], [ -58.48303018860819, -34.688681022648979 ], [ -58.483775151399684, -34.688116117183576 ], [ -58.48533294099731, -34.68692758977685 ], [ -58.4866051869936, -34.685977465400654 ], [ -58.486937883979962, -34.685728482127701 ], [ -58.488286503799991, -34.684715669771379 ], [ -58.489542048732275, -34.683768968054736 ], [ -58.489912729225921, -34.683490874757481 ], [ -58.489971286017038, -34.68344507491468 ], [ -58.490479631771386, -34.683058679344825 ], [ -58.491220571989331, -34.682506952264987 ], [ -58.491322536705027, -34.682432386564443 ], [ -58.491999096376318, -34.681930587275517 ], [ -58.492165429005567, -34.68180608623711 ], [ -58.49368647036286, -34.6806600933159 ], [ -58.494188967250082, -34.680277811024311 ], [ -58.494250223988423, -34.680232176005767 ], [ -58.495246683706291, -34.679471568675659 ], [ -58.495672766734366, -34.679151950410073 ], [ -58.49614576766875, -34.678794793552939 ], [ -58.496510589617898, -34.678520807740981 ], [ -58.497275517792943, -34.677943561830872 ], [ -58.497536485170926, -34.677735039845267 ], [ -58.497838151302169, -34.677497581698702 ], [ -58.49828598261972, -34.677147844235243 ], [ -58.498586833967586, -34.67691932058711 ], [ -58.499206379383118, -34.676445400769715 ], [ -58.502113502375984, -34.674257178582224 ], [ -58.501642765753175, -34.673989898027337 ], [ -58.500683455589702, -34.67347220253486 ], [ -58.500120506295445, -34.673172249687916 ], [ -58.499741873475358, -34.672969077832043 ], [ -58.499129574687025, -34.672643599212485 ], [ -58.498928764742502, -34.672518832967143 ], [ -58.498725251097156, -34.672393899094075 ], [ -58.498252907628853, -34.672054610480899 ], [ -58.497918496745505, -34.671813728642441 ], [ -58.497410326040125, -34.67144975189381 ], [ -58.497233860456426, -34.671326490079224 ], [ -58.497040086381134, -34.671184182442573 ], [ -58.495875688550562, -34.67019990993456 ], [ -58.495737898024295, -34.670070053609166 ], [ -58.495094112846161, -34.669432553779622 ], [ -58.494742408116373, -34.66908274891189 ], [ -58.4943552797303, -34.668703788510648 ], [ -58.493960853026785, -34.668315388094385 ], [ -58.493935838120763, -34.668291371385244 ], [ -58.493608752242444, -34.667970049556608 ], [ -58.49343797532589, -34.667784225990239 ], [ -58.492898335989864, -34.667198101691355 ], [ -58.492536372355872, -34.666811708111624 ], [ -58.492267842995325, -34.666534451849969 ], [ -58.492243234526484, -34.666505966513789 ], [ -58.492151291372721, -34.666410401238494 ], [ -58.491937389216588, -34.666190450196495 ], [ -58.491763104473343, -34.666013394515787 ], [ -58.491136686477155, -34.665394927540845 ], [ -58.491001209653454, -34.665269703674653 ], [ -58.490079112436597, -34.664403745875951 ], [ -58.488953422542345, -34.663354413844516 ], [ -58.487132030639678, -34.662810163662293 ], [ -58.485946221510126, -34.662453572833293 ], [ -58.485362453565564, -34.662084866250026 ], [ -58.485229153158294, -34.661995719660467 ], [ -58.485038801497957, -34.661876075096664 ], [ -58.484133692843386, -34.661303208124757 ], [ -58.483234816702669, -34.660721734654615 ], [ -58.482335547886798, -34.660144724408077 ], [ -58.48143399428028, -34.659563073057917 ], [ -58.480842969216454, -34.659184910083013 ], [ -58.48053475175611, -34.65898605259715 ], [ -58.480300885894579, -34.658836741367871 ], [ -58.480169894439477, -34.658752226561987 ], [ -58.479823559680618, -34.658524042092772 ], [ -58.479633224568687, -34.658404391016283 ], [ -58.479463708115055, -34.65829501818137 ], [ -58.479358944007195, -34.658221116652783 ], [ -58.47881890391654, -34.657850601498687 ], [ -58.478399785517077, -34.658184074148949 ], [ -58.478279592524146, -34.658279966058586 ], [ -58.477901164993355, -34.658584507266127 ], [ -58.47770187786913, -34.65874289245518 ], [ -58.477043577416829, -34.659254736048211 ], [ -58.47587000004885, -34.660170458558156 ], [ -58.475708698238599, -34.660299743503415 ], [ -58.475132173907582, -34.660749249178103 ], [ -58.475091070412525, -34.660782645217033 ], [ -58.474443959300011, -34.661290673573092 ], [ -58.474321725630929, -34.661408901486283 ], [ -58.474217746214421, -34.661505795319464 ], [ -58.474013037341081, -34.661663836843395 ], [ -58.47362957729392, -34.661963556624627 ], [ -58.473416348259896, -34.662125561406867 ], [ -58.473212042727248, -34.662279132958453 ], [ -58.472975555626007, -34.662457666438087 ], [ -58.472529351760393, -34.662789433575767 ], [ -58.471240989937336, -34.659914498740243 ], [ -58.47057008281535, -34.65841246053926 ], [ -58.470111596860406, -34.658729976076494 ], [ -58.46987133445937, -34.658890295296231 ], [ -58.469679880150984, -34.659022191967189 ], [ -58.469557786574079, -34.659108969398858 ], [ -58.46765648397583, -34.657503517073323 ], [ -58.467024102386155, -34.657998938565555 ], [ -58.464689481427527, -34.65983992626024 ], [ -58.464531394904355, -34.660023315804359 ], [ -58.464426475274415, -34.660070714410061 ], [ -58.464085476782508, -34.659784404014523 ], [ -58.464062770756797, -34.659765018756573 ], [ -58.46318073494276, -34.659090089854622 ], [ -58.462474134805447, -34.658578840158668 ], [ -58.461935955558374, -34.658158941565539 ], [ -58.461580234720103, -34.657885189864409 ], [ -58.460752457347226, -34.65718216618847 ], [ -58.460472300021337, -34.65694456512054 ], [ -58.460356074593442, -34.656847468285321 ], [ -58.459701839283959, -34.656299021069664 ], [ -58.459157759596408, -34.655824824218548 ], [ -58.459071944616554, -34.655752085038515 ], [ -58.458926682279603, -34.655585779846156 ], [ -58.458278541558464, -34.655060172274119 ], [ -58.458018805349077, -34.654837317072605 ], [ -58.457113794853591, -34.654057573198642 ], [ -58.456996909631179, -34.653937965673435 ], [ -58.455329897782413, -34.652540134701368 ], [ -58.455063288829145, -34.652303366319387 ], [ -58.454942223813269, -34.652170016895781 ], [ -58.454863078995977, -34.651994342703006 ], [ -58.454798413013862, -34.651779129258493 ], [ -58.454766889395543, -34.651498577946086 ], [ -58.45469970179203, -34.651161886428596 ], [ -58.454637513994371, -34.650829999486895 ], [ -58.453822806208741, -34.650909597001231 ], [ -58.453340091572016, -34.650955935793263 ], [ -58.451977379942541, -34.651082286016582 ], [ -58.448828125552303, -34.651182725677849 ], [ -58.445805916212215, -34.651052851159697 ], [ -58.444952742742558, -34.651017656833709 ], [ -58.444621610428293, -34.650952086460535 ], [ -58.444406629852388, -34.651073487991631 ], [ -58.443640174394211, -34.65116051572393 ], [ -58.443522301123082, -34.651171141706961 ], [ -58.443324400782053, -34.651194752459908 ], [ -58.443296610264724, -34.651350286825419 ], [ -58.44326682716153, -34.651438296963043 ], [ -58.443244897617106, -34.651499836644888 ], [ -58.443205116797508, -34.651578236877626 ], [ -58.443159113573515, -34.651665235876649 ], [ -58.443112446150288, -34.651729726780701 ], [ -58.443060372007857, -34.651793880620737 ], [ -58.443006002310895, -34.651853397999517 ], [ -58.442952448246487, -34.6519039795281 ], [ -58.442908227668354, -34.651941662869923 ], [ -58.442823305447249, -34.652008262201001 ], [ -58.442750012139477, -34.652066599749297 ], [ -58.442653460596055, -34.652141460630126 ], [ -58.441632084630889, -34.652936008234633 ], [ -58.441535123119813, -34.653015335848195 ], [ -58.440405540586298, -34.65389299114775 ], [ -58.439486493885838, -34.654608525932311 ], [ -58.438848181144969, -34.655107911260366 ], [ -58.438418230176026, -34.655498970744361 ], [ -58.438003732615613, -34.655810112745613 ], [ -58.437100101621759, -34.65510670095798 ], [ -58.43602240083635, -34.654374448613993 ], [ -58.435061117809909, -34.653617999922645 ], [ -58.434435046658997, -34.653120610938352 ], [ -58.433086215623675, -34.654105826972028 ], [ -58.432119269753692, -34.654809323909184 ], [ -58.431991335634265, -34.654900189232002 ], [ -58.431391142088884, -34.65533900521438 ], [ -58.431290240017098, -34.655431557502752 ], [ -58.430957951874241, -34.655675913586379 ], [ -58.429786110450777, -34.656478927157067 ], [ -58.42963409229376, -34.656595245241377 ], [ -58.429487480500782, -34.656711900758395 ], [ -58.428905524796271, -34.657129375164999 ], [ -58.428795030212058, -34.657207846024221 ], [ -58.428667088857424, -34.657298706858349 ], [ -58.427968813314962, -34.657798776119698 ], [ -58.427828830202571, -34.657902363551372 ], [ -58.427282160792075, -34.658290580336683 ], [ -58.427136769143367, -34.658393828951546 ], [ -58.426880061333733, -34.658584481444706 ], [ -58.426782512971513, -34.658699705272191 ], [ -58.426443340118226, -34.6590784152461 ], [ -58.425720275827715, -34.659967835567848 ], [ -58.425027910508661, -34.660818729650849 ], [ -58.424941988527948, -34.660925691704485 ], [ -58.424697080097758, -34.661224914629486 ], [ -58.424615746265069, -34.661341149692255 ], [ -58.424125104301908, -34.66194852826569 ], [ -58.423871510076324, -34.662283152387836 ], [ -58.424914344844019, -34.662950430230623 ], [ -58.42567765915765, -34.663582259470893 ], [ -58.426557764514513, -34.664423580057914 ], [ -58.427315880932937, -34.665171901235233 ], [ -58.427839766539883, -34.665865145399565 ], [ -58.42897153611699, -34.6672254229345 ], [ -58.431044720274464, -34.669709400872172 ], [ -58.431588972662688, -34.670358971881733 ], [ -58.431971535598223, -34.670814218864244 ], [ -58.432566452825007, -34.671534349871912 ], [ -58.434245365233849, -34.673544336172192 ], [ -58.435772230858909, -34.675374068262123 ], [ -58.439304452872577, -34.67960254315193 ], [ -58.439442000195427, -34.67976389827259 ], [ -58.439844236781596, -34.680242820411749 ], [ -58.439936757550292, -34.680837219782084 ], [ -58.440156238378997, -34.681232846199805 ], [ -58.440588133321626, -34.681655203499467 ], [ -58.441489299366275, -34.682210178321021 ], [ -58.443970885698107, -34.685173289143123 ], [ -58.446937928079969, -34.688719307118326 ], [ -58.455970038721823, -34.699428091934422 ], [ -58.460709564479444, -34.704787211457699 ], [ -58.460989821279568, -34.705114698898825 ], [ -58.461297539661551, -34.705439401316994 ], [ -58.462034239867627, -34.704968498472603 ], [ -58.462138148036168, -34.704903068930555 ], [ -58.462759703745022, -34.70450138489543 ], [ -58.463125155819959, -34.704223061135892 ], [ -58.463450843391747, -34.703933275500418 ], [ -58.463918488076509, -34.703459101635467 ], [ -58.464933317696236, -34.702443799487249 ], [ -58.465322317293079, -34.70208605057524 ], [ -58.465600486258907, -34.701869691282148 ], [ -58.466094570934722, -34.70152296811338 ], [ -58.466654126882176, -34.701144366133363 ], [ -58.467645241523947, -34.700478051446559 ], [ -58.46852232168056, -34.699809132175446 ], [ -58.468871910636217, -34.699525308707102 ], [ -58.469634138743572, -34.698862721066881 ], [ -58.470089387075106, -34.698464137284027 ], [ -58.470299354738749, -34.698279474425441 ], [ -58.470680051643114, -34.697952643565543 ], [ -58.470811952857403, -34.697848503948272 ], [ -58.471115540811937, -34.697561814238306 ], [ -58.471335509687243, -34.697386757667928 ], [ -58.472106626601708, -34.696715717160991 ], [ -58.472367309196223, -34.696511733761113 ], [ -58.473254721816296, -34.695847910034942 ], [ -58.474708470556578, -34.694909204946818 ], [ -58.475269021383717, -34.694548592881048 ], [ -58.475516022632412, -34.694375206331337 ], [ -58.475732455453631, -34.694208907882 ], [ -58.477106647490892, -34.693157386049151 ], [ -58.477390165627881, -34.692941327521517 ], [ -58.479503926483453, -34.691324573996027 ] ] ] ] } },
{ "type": "Feature", "properties": { "fid": 493, "cpr": "02", "jur": "Ciudad Autónoma de Buenos Aires", "cde": "02007", "gna": "Comuna", "nam": "Comuna 1" }, "geometry": { "type": "MultiPolygon", "coordinates": [ [ [ [ -58.390666057691398, -34.631536800803701 ], [ -58.39078622808784, -34.63052440164072 ], [ -58.390890320621125, -34.629627814727463 ], [ -58.390928209933492, -34.629333645821582 ], [ -58.391064440537157, -34.628205432663279 ], [ -58.391173035207721, -34.627259703446541 ], [ -58.391186912881601, -34.627049397144255 ], [ -58.391219251572288, -34.626638058401021 ], [ -58.39124133355795, -34.626338404304839 ], [ -58.391331851765131, -34.625234281046303 ], [ -58.391402193376045, -34.624290644376551 ], [ -58.391434670626204, -34.623996135636041 ], [ -58.391459333690428, -34.623431548813848 ], [ -58.391490076434891, -34.622741535854161 ], [ -58.391554716447693, -34.621563898697097 ], [ -58.391610400791883, -34.620542959155237 ], [ -58.3916228980112, -34.6202292242711 ], [ -58.391665574237052, -34.619113112945705 ], [ -58.391698066825491, -34.618167101612499 ], [ -58.391674442267728, -34.616885078304151 ], [ -58.391656099922329, -34.615841522299945 ], [ -58.391657594323519, -34.615706822282455 ], [ -58.391664009317928, -34.615518513461822 ], [ -58.39166733488775, -34.615186230808547 ], [ -58.391680720333547, -34.614921976164396 ], [ -58.391684601561323, -34.614702056518809 ], [ -58.391703771312585, -34.61407871475874 ], [ -58.391710112160226, -34.613831990684425 ], [ -58.391752914189468, -34.612832709055539 ], [ -58.391757277474525, -34.612666737179083 ], [ -58.39176533068769, -34.612460558668438 ], [ -58.391788448885691, -34.611675712231715 ], [ -58.391798624960451, -34.611505611895481 ], [ -58.391807907346518, -34.61128603113508 ], [ -58.391877791318365, -34.610346859099899 ], [ -58.391963585414096, -34.609175042654478 ], [ -58.392033984278335, -34.607993274208809 ], [ -58.392040878628862, -34.60785891299367 ], [ -58.392111420572363, -34.606793974702271 ], [ -58.392124947074223, -34.606646550126875 ], [ -58.392194328960045, -34.60565342899325 ], [ -58.392209084351748, -34.605492602122254 ], [ -58.392289192608324, -34.604441743154858 ], [ -58.392384459920493, -34.60322558943583 ], [ -58.392390197480339, -34.603163045601327 ], [ -58.392572538590905, -34.602123091531105 ], [ -58.39259522828543, -34.601994214064469 ], [ -58.392746374537893, -34.6009388237187 ], [ -58.392768653519788, -34.600814413561373 ], [ -58.39293044588905, -34.59964286935783 ], [ -58.391551549565712, -34.599569865972704 ], [ -58.391378666265915, -34.599559021824241 ], [ -58.390141882736913, -34.599476943927641 ], [ -58.389666455981882, -34.599447116513652 ], [ -58.389482768559084, -34.599435591795391 ], [ -58.388147516601592, -34.599360794655539 ], [ -58.387953024931925, -34.599348589609356 ], [ -58.386865475012534, -34.599298308586675 ], [ -58.386947075536249, -34.59840930342277 ], [ -58.386958146688684, -34.598288684608704 ], [ -58.386972980075619, -34.598186274311125 ], [ -58.38706564660864, -34.597176649896355 ], [ -58.387065502293659, -34.597059820284564 ], [ -58.387060365585384, -34.596938184254718 ], [ -58.38713018750807, -34.595940605369329 ], [ -58.387159851846413, -34.595735784550875 ], [ -58.387181653729201, -34.595557428878053 ], [ -58.387271656776726, -34.594754319606238 ], [ -58.387291890542201, -34.594652248152855 ], [ -58.387312124234207, -34.594550176689395 ], [ -58.387567192323964, -34.592836340624977 ], [ -58.387952963271751, -34.591651904429348 ], [ -58.387881843423152, -34.591598017699248 ], [ -58.386918924354312, -34.590782752215745 ], [ -58.385939601530758, -34.589791220254341 ], [ -58.384949497855338, -34.58879900523565 ], [ -58.383845838347057, -34.587682834734622 ], [ -58.38368316309144, -34.587501884980043 ], [ -58.383837210533699, -34.587421694395061 ], [ -58.384318764882607, -34.587087985181377 ], [ -58.384509731222636, -34.58696068728338 ], [ -58.384713528920663, -34.586456775455154 ], [ -58.385059333837724, -34.585885394222004 ], [ -58.385327533799902, -34.585390016410621 ], [ -58.385600457343955, -34.585020740677102 ], [ -58.385976344863039, -34.584595022883491 ], [ -58.386423194625429, -34.584106360566174 ], [ -58.38664641251372, -34.583864262211669 ], [ -58.386736041893784, -34.583775531766292 ], [ -58.386962610323273, -34.583556108409162 ], [ -58.387414178608232, -34.583193544312614 ], [ -58.387875316622377, -34.582845057951097 ], [ -58.388089922067657, -34.582696771026768 ], [ -58.388344795356844, -34.582524051398714 ], [ -58.388391284834057, -34.582491023251613 ], [ -58.388442766012503, -34.582462801340128 ], [ -58.388631666621642, -34.58235783163979 ], [ -58.388791511044779, -34.582273504303693 ], [ -58.388934741135984, -34.582192627579296 ], [ -58.389060127907179, -34.582128603726424 ], [ -58.389168900499584, -34.582068030620832 ], [ -58.389357389737917, -34.581967526944595 ], [ -58.389500209159088, -34.581891116808194 ], [ -58.389608981157529, -34.581830543222509 ], [ -58.389774225132129, -34.581746553129705 ], [ -58.38993406737201, -34.58166222397174 ], [ -58.390025405658761, -34.581614035767124 ], [ -58.390190648842221, -34.581530044991723 ], [ -58.390430206116243, -34.581405783871752 ], [ -58.390549779707932, -34.581345886804655 ], [ -58.390612471942873, -34.58131387389215 ], [ -58.390669762723356, -34.581281522181627 ], [ -58.390720832893997, -34.581257766512287 ], [ -58.390800957953545, -34.58121336750456 ], [ -58.390921350175482, -34.581144535163318 ], [ -58.391046734049766, -34.58108050883525 ], [ -58.391098213563275, -34.581052285556375 ], [ -58.391172527296753, -34.581012014931119 ], [ -58.39129209986438, -34.580952116983021 ], [ -58.39134316968395, -34.580928361000076 ], [ -58.391393829938501, -34.580909072414222 ], [ -58.391461103889775, -34.580886332543997 ], [ -58.39153377920325, -34.580863931348894 ], [ -58.391628060057265, -34.580842884958408 ], [ -58.391655886071909, -34.580835643669488 ], [ -58.391225868393605, -34.580193122009646 ], [ -58.391071454820683, -34.579981248794496 ], [ -58.390942410369455, -34.579788938832252 ], [ -58.39085624452067, -34.579662221296424 ], [ -58.390741766646407, -34.579488797122643 ], [ -58.390622297478295, -34.579310566742343 ], [ -58.390397926057155, -34.578972991735682 ], [ -58.39025931065737, -34.578766601710676 ], [ -58.390240163095029, -34.578738442212924 ], [ -58.390154408780198, -34.578607257045 ], [ -58.389958761861998, -34.578311920940422 ], [ -58.389921286277797, -34.578246667083619 ], [ -58.389845259852414, -34.578246391739782 ], [ -58.389780035840715, -34.578246793893705 ], [ -58.389487961461938, -34.578232967232928 ], [ -58.389203746194831, -34.578192674265573 ], [ -58.389171339048922, -34.578190641475416 ], [ -58.386838033069637, -34.57804425824051 ], [ -58.38676077798322, -34.578057383107215 ], [ -58.38653653688867, -34.578133174211828 ], [ -58.386407467445785, -34.578237402333301 ], [ -58.38618143840737, -34.578214232669808 ], [ -58.385697457602703, -34.57821980574294 ], [ -58.385615210962563, -34.578228123512922 ], [ -58.385409967395894, -34.57821524298506 ], [ -58.384713220470012, -34.578171514439177 ], [ -58.384460187046678, -34.578146646652421 ], [ -58.384269917978351, -34.578148183306482 ], [ -58.384106244693463, -34.578155882125124 ], [ -58.383920147136671, -34.578171159287734 ], [ -58.383739040780306, -34.578191242538182 ], [ -58.383553763015613, -34.578197584429567 ], [ -58.38337224668917, -34.578222134451309 ], [ -58.383216506093923, -34.578261781521036 ], [ -58.383018448124524, -34.578348195577405 ], [ -58.382858607628116, -34.578432515488842 ], [ -58.382038687086528, -34.57890223445672 ], [ -58.379841683496167, -34.580170599870648 ], [ -58.376162255633787, -34.579952932055733 ], [ -58.376013208727429, -34.580037920351444 ], [ -58.375130544364083, -34.580539589788756 ], [ -58.373974839132011, -34.579105561869291 ], [ -58.37385335751992, -34.578949655876627 ], [ -58.374305076177549, -34.578703972374186 ], [ -58.368010343792712, -34.578218316584561 ], [ -58.367977938245716, -34.578216278165634 ], [ -58.367951344377303, -34.578210112297377 ], [ -58.36792891917861, -34.578217687700224 ], [ -58.367911894900324, -34.578225602838671 ], [ -58.367877435579025, -34.578245900285573 ], [ -58.365429079981297, -34.579646443933136 ], [ -58.365337322364844, -34.57969907906795 ], [ -58.365314485672435, -34.579711121050657 ], [ -58.365296228127825, -34.579732437197698 ], [ -58.365242220346282, -34.580142395371169 ], [ -58.36525137867195, -34.580160943718354 ], [ -58.365277561901316, -34.580171577387389 ], [ -58.365304566984967, -34.58017327675153 ], [ -58.370562799185166, -34.580589416842997 ], [ -58.370589804738714, -34.580591115055455 ], [ -58.370610587891633, -34.580601408031967 ], [ -58.370619336887991, -34.580624423340957 ], [ -58.370598331159947, -34.5807938374994 ], [ -58.370590876785926, -34.580815833881147 ], [ -58.370573441456266, -34.580828216563241 ], [ -58.369833984910123, -34.58124898894274 ], [ -58.3690310010318, -34.581710690775175 ], [ -58.369008574880795, -34.581718266267018 ], [ -58.368991139140689, -34.581730648664227 ], [ -58.368952920240126, -34.581732737788897 ], [ -58.368931315584625, -34.581731378890616 ], [ -58.36889890860401, -34.5817293405361 ], [ -58.368871902789309, -34.581727641900777 ], [ -58.36520488633127, -34.581434032436185 ], [ -58.36267008034546, -34.581234055171208 ], [ -58.362643075085749, -34.58123235517872 ], [ -58.362614836578032, -34.581244056543696 ], [ -58.361657150937546, -34.581143328727123 ], [ -58.361602374592735, -34.58120727499837 ], [ -58.361439968351206, -34.582971783057474 ], [ -58.365204649716368, -34.583267165348026 ], [ -58.366094207844739, -34.583341114770334 ], [ -58.366115812773067, -34.583342474225887 ], [ -58.366141175227014, -34.583362042166257 ], [ -58.366144521824523, -34.583384717811406 ], [ -58.36614593211349, -34.583546555034808 ], [ -58.366144288393158, -34.583564423660462 ], [ -58.366131842175349, -34.583581612557047 ], [ -58.366113994703028, -34.583598461586064 ], [ -58.366072898485662, -34.583631819765586 ], [ -58.365539877553509, -34.584052072978942 ], [ -58.365205701954743, -34.584318595942619 ], [ -58.365048359295479, -34.584434498274376 ], [ -58.364960763849162, -34.584500873741973 ], [ -58.364933346377988, -34.584503641259786 ], [ -58.364911741209085, -34.584502281555196 ], [ -58.360525866804963, -34.584167770899349 ], [ -58.359949171151648, -34.584117975660554 ], [ -58.359910128906932, -34.584128995925738 ], [ -58.359896036310502, -34.584164052359533 ], [ -58.359711505222698, -34.585873246609111 ], [ -58.359709037361611, -34.585900049132526 ], [ -58.359718194754564, -34.585918597819109 ], [ -58.359733164779826, -34.585933019586285 ], [ -58.359754358747857, -34.585938847344437 ], [ -58.359780954039749, -34.585945015265374 ], [ -58.359802559321828, -34.585946375927669 ], [ -58.35984036856906, -34.585948757077716 ], [ -58.363616382411251, -34.586240419177429 ], [ -58.363637576858892, -34.586246246299069 ], [ -58.363652958816076, -34.586256200548469 ], [ -58.363655893576706, -34.586283343315927 ], [ -58.363586301758296, -34.586921462580861 ], [ -58.363525341681928, -34.587465772011079 ], [ -58.363500857896021, -34.58749568183697 ], [ -58.363441441754937, -34.587491941661291 ], [ -58.359655392982106, -34.587190652145267 ], [ -58.359617583188779, -34.587188270863599 ], [ -58.359595566258385, -34.587191377211113 ], [ -58.359572315313905, -34.58720788480894 ], [ -58.359559455822094, -34.587229539859841 ], [ -58.359551997724651, -34.587251535096001 ], [ -58.359458871273787, -34.588085859188958 ], [ -58.359480065737422, -34.588091687064789 ], [ -58.359501671559933, -34.588093047853825 ], [ -58.359522866029863, -34.588098875722807 ], [ -58.359549873313213, -34.588100576699446 ], [ -58.359571067789965, -34.588106404560641 ], [ -58.359592673620924, -34.588107765334065 ], [ -58.359613868103871, -34.588113593188396 ], [ -58.359635062590421, -34.588119421039366 ], [ -58.359638818656293, -34.588137629569886 ], [ -58.359636761912519, -34.588159964994098 ], [ -58.359640517978832, -34.588178173524916 ], [ -58.359644274046147, -34.588196382055727 ], [ -58.359653431579858, -34.588214930777937 ], [ -58.359662589117065, -34.588233479499934 ], [ -58.359672158006241, -34.588247561136669 ], [ -58.359681315550191, -34.588266109858253 ], [ -58.359696285915931, -34.588280531684298 ], [ -58.359711256286779, -34.588294953509156 ], [ -58.359726226662744, -34.588309375332848 ], [ -58.359747009863177, -34.58831967025754 ], [ -58.359762391594785, -34.588329624992184 ], [ -58.359783586149511, -34.588335452825625 ], [ -58.359804369364959, -34.588345747742217 ], [ -58.359836778222608, -34.588347788851337 ], [ -58.360833283364073, -34.588558813364649 ], [ -58.360875672812, -34.588570468686832 ], [ -58.361409243497306, -34.588675955161811 ], [ -58.363467454467525, -34.589039173312699 ], [ -58.364534203374333, -34.58925458993005 ], [ -58.36519078989803, -34.589381281874211 ], [ -58.365639593003358, -34.589463443106204 ], [ -58.366823959885565, -34.589699720991639 ], [ -58.367992541527478, -34.589930501446908 ], [ -58.367975282434251, -34.590118122628752 ], [ -58.367934069737203, -34.590448013563197 ], [ -58.367774191822811, -34.590532308386607 ], [ -58.367727690457663, -34.590565326910841 ], [ -58.36753334697157, -34.590669918058431 ], [ -58.367464357466716, -34.590652098320291 ], [ -58.367431947133944, -34.590650059118786 ], [ -58.367394135083153, -34.590647680039673 ], [ -58.367361724757494, -34.590645640819787 ], [ -58.367329314434961, -34.59064360159136 ], [ -58.367296904115761, -34.590641562354449 ], [ -58.367264082821087, -34.590643990272035 ], [ -58.367225859807043, -34.590646078303855 ], [ -58.367193038512106, -34.590648506201639 ], [ -58.367160217216899, -34.590650934090185 ], [ -58.367126984935169, -34.590657829131139 ], [ -58.367094163637709, -34.59066025700092 ], [ -58.367060931350061, -34.590667152022462 ], [ -58.36703310077673, -34.590674386919638 ], [ -58.366999457487651, -34.590685749083143 ], [ -58.366966225186331, -34.590692644076178 ], [ -58.366937983602689, -34.5907043461089 ], [ -58.366904340292585, -34.590715708242499 ], [ -58.366876098694391, -34.590727410258445 ], [ -58.36684245536901, -34.590738772372468 ], [ -58.366813802751686, -34.590754941529987 ], [ -58.366785561130229, -34.590766643521398 ], [ -58.366756908493699, -34.590782812662688 ], [ -58.366733657569242, -34.590799321695606 ], [ -58.36670500491222, -34.590815490821726 ], [ -58.366681753968805, -34.590831999842088 ], [ -58.366652690276752, -34.590852636109481 ], [ -58.366629439312881, -34.590869145117061 ], [ -58.36660577732205, -34.590890121274796 ], [ -58.366582115319183, -34.590911097426286 ], [ -58.366563855033178, -34.590932413480168 ], [ -58.366540193006955, -34.590953389620452 ], [ -58.366521521676226, -34.590979172820354 ], [ -58.366503261357877, -34.591000488860978 ], [ -58.366484590003147, -34.59102627205224 ], [ -58.366365104690068, -34.591202966953247 ], [ -58.366270750592548, -34.591165578297449 ], [ -58.366232174515631, -34.591230546029792 ], [ -58.366320715871943, -34.591272061953958 ], [ -58.365897961387226, -34.591910424592527 ], [ -58.365803606822944, -34.591873035493478 ], [ -58.36575962818501, -34.591937663031857 ], [ -58.365853160641507, -34.591983986466808 ], [ -58.365191005781611, -34.592980199971649 ], [ -58.365047028940673, -34.593186802842659 ], [ -58.364383208000298, -34.594200877887282 ], [ -58.36436993704406, -34.594227000601443 ], [ -58.364362890372952, -34.594244529087518 ], [ -58.36436124561498, -34.594262397607345 ], [ -58.364359600855572, -34.594280266127008 ], [ -58.364357956094722, -34.594298134646614 ], [ -58.364361713252578, -34.594316343201079 ], [ -58.364365881601877, -34.594330084625646 ], [ -58.364375040684187, -34.594348633214942 ], [ -58.36438419976993, -34.594367181804081 ], [ -58.364393770048963, -34.594381263262825 ], [ -58.364408742256877, -34.5943956847549 ], [ -58.364418312542838, -34.594409766212664 ], [ -58.364433695948094, -34.594419720572276 ], [ -58.364454070098702, -34.594434482093092 ], [ -58.364469453513202, -34.594444436449301 ], [ -58.364490650048005, -34.594450263703351 ], [ -58.364511846586481, -34.594456090954118 ], [ -58.364595399235107, -34.594492801320364 ], [ -58.364616184615137, -34.594503095687479 ], [ -58.364637381179577, -34.594508922919083 ], [ -58.364658577747683, -34.594514750147383 ], [ -58.36467977431932, -34.594520577372244 ], [ -58.364701382070145, -34.594521937460556 ], [ -58.364723400996695, -34.594518830411431 ], [ -58.364745419922329, -34.594515723358199 ], [ -58.364762036908871, -34.594512276281954 ], [ -58.364784467003382, -34.594504702086972 ], [ -58.364801906326505, -34.59449232073608 ], [ -58.364818934475906, -34.594484406516493 ], [ -58.364836373789949, -34.594472025159391 ], [ -58.364848822329641, -34.594454836649724 ], [ -58.364860859698133, -34.594442115273104 ], [ -58.364867906293782, -34.594424586746342 ], [ -58.364874952885842, -34.594407058218842 ], [ -58.365191097885159, -34.593923739062056 ], [ -58.365677344754189, -34.59318603635883 ], [ -58.365892250986235, -34.59285809194818 ], [ -58.365910100863069, -34.59284124322231 ], [ -58.365927128564749, -34.592833328787599 ], [ -58.365959950713275, -34.59283090135299 ], [ -58.365986137774584, -34.592841535403153 ], [ -58.36610127871942, -34.592889218596703 ], [ -58.366122475045451, -34.592895045526859 ], [ -58.366144904594954, -34.592887471004879 ], [ -58.366172735991128, -34.592880236420591 ], [ -58.366192641174621, -34.592841051895547 ], [ -58.366380530794764, -34.592924764060271 ], [ -58.366360625666879, -34.592963948625254 ], [ -58.366369785133763, -34.592982497102199 ], [ -58.366368140882983, -34.593000365709855 ], [ -58.366388515140038, -34.593015126903481 ], [ -58.366780501674285, -34.59318357028954 ], [ -58.366884839899129, -34.593230573019078 ], [ -58.36691143827268, -34.59323673974302 ], [ -58.366933867876625, -34.593229165076856 ], [ -58.366951717664797, -34.593212316179546 ], [ -58.366981604306268, -34.593182745623345 ], [ -58.367169906698699, -34.593261989603981 ], [ -58.367150412834739, -34.593296707177551 ], [ -58.367148357705858, -34.593319042976894 ], [ -58.36715211549334, -34.593337251519308 ], [ -58.367172489987816, -34.593352012609515 ], [ -58.367193275513998, -34.593362306536982 ], [ -58.367224864836722, -34.593373280262121 ], [ -58.369054716159688, -34.59415337341963 ], [ -58.368030582800763, -34.597135215718239 ], [ -58.367993707101093, -34.597240728215176 ], [ -58.367900049399317, -34.597490937906777 ], [ -58.367892591977679, -34.597512933824348 ], [ -58.367869750135313, -34.597524975692018 ], [ -58.367831934930187, -34.597522596337335 ], [ -58.367804924072161, -34.597520896791146 ], [ -58.36772389151151, -34.597515798117328 ], [ -58.367642858971251, -34.59751069939032 ], [ -58.367615848128956, -34.597508999802777 ], [ -58.367507804782591, -34.597502201393759 ], [ -58.367480793951721, -34.59750050177675 ], [ -58.367442978792212, -34.59749812230298 ], [ -58.367098062581441, -34.597467432264942 ], [ -58.366563660407415, -34.597429309831114 ], [ -58.366536649659899, -34.597427610008232 ], [ -58.366515041063487, -34.597426250145631 ], [ -58.366481805922326, -34.597433144644377 ], [ -58.366463954972808, -34.597449993339133 ], [ -58.3664556749371, -34.597480923417507 ], [ -58.366453619301566, -34.597503259165144 ], [ -58.366442872481741, -34.597560992137879 ], [ -58.366425136411934, -34.597694666643044 ], [ -58.366361706398024, -34.598265781703631 ], [ -58.366227062544155, -34.598252814981102 ], [ -58.366092007602916, -34.598244315258874 ], [ -58.366153794829124, -34.597691069166729 ], [ -58.366177287326352, -34.597494854706774 ], [ -58.366179343035192, -34.597472518973518 ], [ -58.366175585454215, -34.597454310405588 ], [ -58.36617723001941, -34.597436441818921 ], [ -58.366168481436269, -34.597413426123211 ], [ -58.366148106288904, -34.597398664756788 ], [ -58.366105300296397, -34.597391477746271 ], [ -58.365242192388912, -34.597323675876915 ], [ -58.363795659631684, -34.597219140238153 ], [ -58.363810165212776, -34.597179616309127 ], [ -58.364401944474878, -34.595531989309983 ], [ -58.364403589301936, -34.59551412079216 ], [ -58.364405234127652, -34.595496252274266 ], [ -58.364406878951819, -34.595478383756152 ], [ -58.364403121779766, -34.595460175195278 ], [ -58.364393962614976, -34.595441626591523 ], [ -58.364384392247445, -34.595427545116927 ], [ -58.364375233089305, -34.595408996512759 ], [ -58.364359849530807, -34.595399042122686 ], [ -58.364344877183839, -34.595384620602182 ], [ -58.364324091645351, -34.595374326163785 ], [ -58.364297904125095, -34.595363691676027 ], [ -58.364138311857175, -34.595326687409326 ], [ -58.364117115145497, -34.595320860067233 ], [ -58.364095918437506, -34.595315032721764 ], [ -58.364074310512045, -34.595313672499145 ], [ -58.364052291365688, -34.595316779398743 ], [ -58.364030683441932, -34.595315419168372 ], [ -58.364008253070189, -34.595322993185093 ], [ -58.363986233921047, -34.595326100071993 ], [ -58.363969205524803, -34.595334014140633 ], [ -58.363952177125661, -34.595341928206444 ], [ -58.363929335512282, -34.595353969331384 ], [ -58.363917297857867, -34.595366690578579 ], [ -58.3638998582163, -34.595379071759886 ], [ -58.363887820553437, -34.595391793003074 ], [ -58.363868735967664, -34.595422042674564 ], [ -58.363422416038638, -34.596669960114482 ], [ -58.363358002596492, -34.596661411820854 ], [ -58.363330992300831, -34.596659711321102 ], [ -58.363309795348592, -34.596653883799881 ], [ -58.363255774770451, -34.596650482773782 ], [ -58.36321754908365, -34.596652569157655 ], [ -58.363180145976251, -34.596645721297612 ], [ -58.363136929530441, -34.596643000433218 ], [ -58.363115732602552, -34.596637172880214 ], [ -58.363083320275798, -34.596635132216761 ], [ -58.363061712059825, -34.596633771769653 ], [ -58.363024308982865, -34.59662692386398 ], [ -58.362976513110361, -34.596614928602513 ], [ -58.362933708003219, -34.596607740554894 ], [ -58.362896304955903, -34.596600892612393 ], [ -58.362864303965658, -34.596594384779976 ], [ -58.362768301034244, -34.596574861235446 ], [ -58.362736711382183, -34.596563886260398 ], [ -58.362710112470822, -34.596557718516372 ], [ -58.362667307433654, -34.596550530381059 ], [ -58.362619511682432, -34.596538534990536 ], [ -58.36258252002974, -34.596527219848454 ], [ -58.362540126349558, -34.596515564562139 ], [ -58.362508125437188, -34.596509056643107 ], [ -58.362486928607481, -34.596503228989825 ], [ -58.362455339032685, -34.596492253949485 ], [ -58.3624341422125, -34.596486426288003 ], [ -58.362413356723962, -34.59647613151526 ], [ -58.362392571241081, -34.596465836739618 ], [ -58.36235640232475, -34.596445587321575 ], [ -58.362314420063981, -34.596429464858474 ], [ -58.362294045940693, -34.596414702962242 ], [ -58.362241670990286, -34.596393433082341 ], [ -58.362184716721487, -34.596362888823201 ], [ -58.362131930497732, -34.596346086008843 ], [ -58.362100752386652, -34.596330643784711 ], [ -58.362074564965212, -34.596320008811908 ], [ -58.36204878889626, -34.596304906730033 ], [ -58.362017610818853, -34.596289464488493 ], [ -58.361981030737404, -34.596273682083606 ], [ -58.361954843353068, -34.596263047089089 ], [ -58.361928655976364, -34.596252412089804 ], [ -58.361902879958791, -34.596237309983003 ], [ -58.361876692598528, -34.596226674974439 ], [ -58.361856318610975, -34.596211913020866 ], [ -58.361830131265975, -34.59620127800401 ], [ -58.361798953275908, -34.596185835716369 ], [ -58.361757382642161, -34.596165245989361 ], [ -58.361731195327707, -34.596154610954486 ], [ -58.36170541938165, -34.596139508814147 ], [ -58.361679232083645, -34.596128873769985 ], [ -58.361507136572932, -34.59605064158032 ], [ -58.361298050259791, -34.595961093707402 ], [ -58.361095189209401, -34.595862951534897 ], [ -58.361114274862111, -34.595832702448938 ], [ -58.360926797489363, -34.59574451482068 ], [ -58.360908123197866, -34.595770296778042 ], [ -58.360606328615887, -34.595625486263977 ], [ -58.360429244845292, -34.595542445505046 ], [ -58.360408048467882, -34.595536617537775 ], [ -58.360382684411697, -34.595517048083991 ], [ -58.360363133736463, -34.595493351761384 ], [ -58.360342348801382, -34.595483056697866 ], [ -58.36032279814512, -34.595459360371336 ], [ -58.360319453323591, -34.595436684714393 ], [ -58.360316931350326, -34.595405074884191 ], [ -58.360318577044517, -34.595387206537325 ], [ -58.360333906566495, -34.595338749027256 ], [ -58.360341777029291, -34.595312286727086 ], [ -58.360359163611683, -34.595241493774189 ], [ -58.360361220705265, -34.595219158337855 ], [ -58.36036451205036, -34.595183421639263 ], [ -58.360360755796208, -34.595165213070686 ], [ -58.360347841368551, -34.59512845571431 ], [ -58.360324123111035, -34.595091017918037 ], [ -58.360309151611439, -34.595076595995678 ], [ -58.36029418011708, -34.595062174072154 ], [ -58.360273806711902, -34.595047411925549 ], [ -58.360237227571069, -34.595031629106686 ], [ -58.360205227511024, -34.595025120675096 ], [ -58.360162423632516, -34.595017931782671 ], [ -58.360124610247723, -34.595015550189352 ], [ -58.360081806386461, -34.595008361269848 ], [ -58.36004440444534, -34.595001512568039 ], [ -58.360017394897163, -34.594999811405749 ], [ -58.359979170097887, -34.595001896852089 ], [ -58.359935954828259, -34.594999174966468 ], [ -58.359887337656815, -34.594996112827133 ], [ -58.359838720492725, -34.594993050668599 ], [ -58.359753112891816, -34.594978672621785 ], [ -58.359693691945651, -34.594974929917257 ], [ -58.359650888171608, -34.594967740852397 ], [ -58.359559467296449, -34.594957489506179 ], [ -58.359505448292275, -34.594954086964798 ], [ -58.35943563506428, -34.594945196547926 ], [ -58.359355018065081, -34.594935625569356 ], [ -58.359311802893096, -34.59493290346726 ], [ -58.359262774358633, -34.594934308160241 ], [ -58.359218736246127, -34.594940520176564 ], [ -58.359148100133858, -34.594940563748708 ], [ -58.359082865923142, -34.594940947553482 ], [ -58.359018454690663, -34.594932397176059 ], [ -58.35894282820621, -34.594927633279198 ], [ -58.358840192291517, -34.594921167916539 ], [ -58.358773723629589, -34.594934952769137 ], [ -58.358745891182203, -34.594942185469471 ], [ -58.35871764722873, -34.594953885233068 ], [ -58.358683589873422, -34.594969711767199 ], [ -58.358668259531555, -34.595018168949991 ], [ -58.358665790493667, -34.595044971367891 ], [ -58.35842594530331, -34.594935509218075 ], [ -58.355935685914737, -34.594778604454746 ], [ -58.354088260804581, -34.594662169784854 ], [ -58.350973640524352, -34.595148736121637 ], [ -58.350979089172966, -34.595207488245848 ], [ -58.354093711734116, -34.594720922054783 ], [ -58.357324425590583, -34.59492002751962 ], [ -58.358420184045912, -34.594998048158132 ], [ -58.358681636989978, -34.595108871516395 ], [ -58.358900593508878, -34.595091213547754 ], [ -58.359255578694395, -34.595248364537547 ], [ -58.35851675162445, -34.595188344277489 ], [ -58.357689026908297, -34.595149676622817 ], [ -58.357393980997948, -34.595108622426928 ], [ -58.357324168103602, -34.595099730799959 ], [ -58.357226985526836, -34.595152016471047 ], [ -58.357129340041539, -34.595150357044353 ], [ -58.356986009939547, -34.595172776911078 ], [ -58.356860994473152, -34.595232294500995 ], [ -58.356806152415423, -34.59523782484144 ], [ -58.356484249857807, -34.595370302539948 ], [ -58.356305626536695, -34.595421948479725 ], [ -58.355984907281282, -34.595482611567803 ], [ -58.355815802086973, -34.5954899267252 ], [ -58.355657500680337, -34.595497922502609 ], [ -58.355513758207422, -34.595524807524086 ], [ -58.355344702896751, -34.595590533895695 ], [ -58.35518104924229, -34.595656600447818 ], [ -58.355157021190323, -34.595740452703552 ], [ -58.355082267751726, -34.595785164121096 ], [ -58.3549831237912, -34.59597660656145 ], [ -58.35478000882069, -34.596058157286386 ], [ -58.354670735401427, -34.596064748840604 ], [ -58.354573089285701, -34.596063087208698 ], [ -58.354525756574766, -34.59610503359027 ], [ -58.354139897354116, -34.596282895984423 ], [ -58.353940124029144, -34.596387120689599 ], [ -58.353432634155297, -34.596705581621279 ], [ -58.353299377876233, -34.596854435126737 ], [ -58.353048149904112, -34.597045273847598 ], [ -58.352923273127985, -34.597280021610665 ], [ -58.352817484481939, -34.5974845218268 ], [ -58.352638126717927, -34.597661918722423 ], [ -58.352395686707304, -34.597934183357623 ], [ -58.352277301953777, -34.597980634803925 ], [ -58.352097847411017, -34.598041207420692 ], [ -58.35195543001209, -34.598171509628131 ], [ -58.351770713812485, -34.598406975734257 ], [ -58.351556055909001, -34.598613595634845 ], [ -58.351329722291233, -34.598770056172633 ], [ -58.351164046303154, -34.598916862468499 ], [ -58.35095098714325, -34.599047201488325 ], [ -58.3507973038515, -34.599122876035565 ], [ -58.350668936536508, -34.599159710240002 ], [ -58.350590881716293, -34.5992401540028 ], [ -58.350499092589189, -34.599292773736821 ], [ -58.350321007676399, -34.599515176499416 ], [ -58.350222167882826, -34.599585323170267 ], [ -58.3500183527131, -34.599851032231278 ], [ -58.349865536669405, -34.599976182715771 ], [ -58.349733092410936, -34.600116096791865 ], [ -58.349554089002837, -34.600230609149918 ], [ -58.34934972286328, -34.600325549552203 ], [ -58.349060292964715, -34.600576870372294 ], [ -58.348882568652911, -34.600736391880034 ], [ -58.348769624911355, -34.600841591150093 ], [ -58.348616760757125, -34.600908328294778 ], [ -58.348413172061107, -34.600935921582874 ], [ -58.348314741160188, -34.601001599295984 ], [ -58.348064681688818, -34.601120612375823 ], [ -58.3479018804655, -34.601236144135484 ], [ -58.347722872302718, -34.601350653121081 ], [ -58.347546293295025, -34.60137994891921 ], [ -58.34750975829779, -34.601422573354952 ], [ -58.347410046072547, -34.601443239845331 ], [ -58.347267203197262, -34.601578001714003 ], [ -58.347140935366077, -34.601650907861703 ], [ -58.347059989099122, -34.601762617178089 ], [ -58.347015208977822, -34.601894580258914 ], [ -58.347001149814069, -34.601988045176803 ], [ -58.346925562118955, -34.602041684094829 ], [ -58.346911090553746, -34.602139615926504 ], [ -58.346845937782845, -34.602256814560285 ], [ -58.346804824280206, -34.602290163924906 ], [ -58.346818145155005, -34.6023224551449 ], [ -58.346759218805246, -34.602431060697398 ], [ -58.34675852287257, -34.602615227856354 ], [ -58.346748628596991, -34.602722434392383 ], [ -58.346658525100217, -34.602815593701877 ], [ -58.34664817561854, -34.60286885606385 ], [ -58.346704714493306, -34.60290387443353 ], [ -58.346713500432074, -34.602985301994373 ], [ -58.346723110911363, -34.603057795679952 ], [ -58.346660885539862, -34.603202136600864 ], [ -58.346589589721916, -34.603444750070288 ], [ -58.34663041959822, -34.603591101046078 ], [ -58.346571491791664, -34.603699706353524 ], [ -58.346534670376009, -34.603922030442781 ], [ -58.346542219180392, -34.604016858814326 ], [ -58.346470467135596, -34.604205527941915 ], [ -58.346480077334341, -34.604278021636048 ], [ -58.346409561734923, -34.604453289875316 ], [ -58.346343665782129, -34.604696243874422 ], [ -58.346315046947574, -34.604770818046383 ], [ -58.346198753125734, -34.604853338164652 ], [ -58.346076686415913, -34.604998395163669 ], [ -58.346082585210318, -34.605111091226846 ], [ -58.346145806607311, -34.605191461206807 ], [ -58.346127251539144, -34.605392473084166 ], [ -58.346163419043158, -34.605412727360715 ], [ -58.34615443168898, -34.605627821906602 ], [ -58.346124204815354, -34.605778674720668 ], [ -58.346114804789977, -34.605998236173555 ], [ -58.346091175181428, -34.606077618077528 ], [ -58.346060577380939, -34.606291348792737 ], [ -58.34587013361994, -34.606706160243426 ], [ -58.345745176367068, -34.606882484948116 ], [ -58.345607310131058, -34.607022051140511 ], [ -58.345201049822755, -34.607243521966495 ], [ -58.345122981175948, -34.607323960478368 ], [ -58.344931087888554, -34.607460115658412 ], [ -58.344800643244255, -34.607519276143705 ], [ -58.344603758925743, -34.607650622744394 ], [ -58.344000566932408, -34.607945023972036 ], [ -58.343616813288413, -34.608275740301252 ], [ -58.343119602438037, -34.608599292004563 ], [ -58.342804386477653, -34.608893896021037 ], [ -58.342509914513059, -34.609140386521595 ], [ -58.342358719353349, -34.609247656170304 ], [ -58.342195480758647, -34.60936764394669 ], [ -58.342011456461705, -34.609477333055487 ], [ -58.341719494228506, -34.609755430369276 ], [ -58.341469398864689, -34.609874425027748 ], [ -58.341287511824461, -34.610078599534305 ], [ -58.341238138490453, -34.610201283706076 ], [ -58.340863592929729, -34.610667359399699 ], [ -58.340862917786239, -34.610909935308342 ], [ -58.340809078280067, -34.611198575803847 ], [ -58.340701660961372, -34.611537747598277 ], [ -58.340451104299092, -34.612249777997711 ], [ -58.34036687162866, -34.61245562566576 ], [ -58.340226052459016, -34.613215022994332 ], [ -58.339980437564577, -34.613873448865426 ], [ -58.339937093423707, -34.614342469085742 ], [ -58.339938890309483, -34.6145582434619 ], [ -58.339873411301106, -34.61485513391829 ], [ -58.339851082759779, -34.615037933784158 ], [ -58.339843384095666, -34.615356445847411 ], [ -58.339849148952254, -34.615940891583087 ], [ -58.339854660385129, -34.616116464219594 ], [ -58.339985680041664, -34.616286486305704 ], [ -58.340124993044526, -34.616425581602563 ], [ -58.340398593731003, -34.616640553253966 ], [ -58.340504627442407, -34.616728123768041 ], [ -58.340548714152618, -34.61678033080603 ], [ -58.340716695541829, -34.616903264604396 ], [ -58.340818941336508, -34.616914215658404 ], [ -58.341084555067845, -34.616980414464884 ], [ -58.342209975843453, -34.616916702514814 ], [ -58.34238869100151, -34.616923495408905 ], [ -58.342604402593508, -34.616941610160843 ], [ -58.342725785256718, -34.616980725718257 ], [ -58.342919884716615, -34.616997475183922 ], [ -58.342963522341307, -34.616995737715634 ], [ -58.343148917434064, -34.617047880766521 ], [ -58.34328984977374, -34.617110694943371 ], [ -58.343734222079604, -34.617242090433955 ], [ -58.344017700375481, -34.617291439059592 ], [ -58.344239268681228, -34.617363836136889 ], [ -58.344417572932606, -34.61737509307391 ], [ -58.344588863012923, -34.617462287147788 ], [ -58.345358589235346, -34.617483920698874 ], [ -58.345556776745312, -34.617397586023216 ], [ -58.345798682164904, -34.617426334469585 ], [ -58.345869295846072, -34.617367890243159 ], [ -58.345951581126883, -34.617359605222468 ], [ -58.346003922488748, -34.61732247235495 ], [ -58.346310666214897, -34.617355312288943 ], [ -58.346396373331075, -34.617486524703487 ], [ -58.34655141596518, -34.617514282140881 ], [ -58.346692724098368, -34.617514214779838 ], [ -58.347030981348212, -34.617441210751942 ], [ -58.347111163292602, -34.617396848479679 ], [ -58.347494253861782, -34.617250292110732 ], [ -58.347628013376529, -34.617155394979477 ], [ -58.347723579460997, -34.617120989009848 ], [ -58.347822857307953, -34.617046380496404 ], [ -58.34791801078579, -34.617016441285827 ], [ -58.348015268074356, -34.61702257847854 ], [ -58.348121227847862, -34.616993320999967 ], [ -58.348226362757174, -34.616972997306554 ], [ -58.348324402835438, -34.616911789131308 ], [ -58.34843205406834, -34.616923074797938 ], [ -58.348562142855108, -34.616926790191229 ], [ -58.348676434500071, -34.616925015729024 ], [ -58.348843520928497, -34.616940051175959 ], [ -58.348914544671445, -34.61687713787682 ], [ -58.349059975799946, -34.616832398072873 ], [ -58.349168082140487, -34.616897627431179 ], [ -58.349227147554757, -34.616964255589792 ], [ -58.349370559808769, -34.617000261509013 ], [ -58.349604589700341, -34.617055463190077 ], [ -58.349851118763162, -34.617151889724887 ], [ -58.349967515647101, -34.617186190642911 ], [ -58.350049431769115, -34.617240781093621 ], [ -58.350214826915455, -34.617215271212871 ], [ -58.350262219043032, -34.617231739814365 ], [ -58.350274392459482, -34.617394254842736 ], [ -58.350341791854021, -34.617488366125365 ], [ -58.35050727448737, -34.617579678748847 ], [ -58.350582182503032, -34.61771020739193 ], [ -58.350558182714764, -34.617852468678564 ], [ -58.350591513917898, -34.617962402689777 ], [ -58.350671825595896, -34.618093272187252 ], [ -58.350770365221898, -34.618144417890171 ], [ -58.350831081911153, -34.618193177666058 ], [ -58.350352250534264, -34.618140507291635 ], [ -58.350145775085217, -34.618257778150458 ], [ -58.350038533940342, -34.618242026794277 ], [ -58.349931249859317, -34.618167863975636 ], [ -58.349795798397999, -34.618222220272209 ], [ -58.34986781924021, -34.618384018007511 ], [ -58.349986322431839, -34.618454395706742 ], [ -58.35010313345925, -34.618484229778502 ], [ -58.350116500180818, -34.618574932525547 ], [ -58.34997399543105, -34.618646815923661 ], [ -58.349966573394319, -34.618727221224184 ], [ -58.350249238524263, -34.618785490271321 ], [ -58.350342657916372, -34.618656594333316 ], [ -58.350402506742682, -34.618655876856479 ], [ -58.350528345608815, -34.618529025880719 ], [ -58.350726619084412, -34.618559505215984 ], [ -58.350687190159263, -34.618633398604423 ], [ -58.350551738210164, -34.618687755715527 ], [ -58.350406390582492, -34.618849319827611 ], [ -58.350365724248078, -34.618936613950709 ], [ -58.350445992946362, -34.619009072254642 ], [ -58.350564041900476, -34.619025505103679 ], [ -58.350663450448444, -34.619126128533708 ], [ -58.350669309496084, -34.619180413858821 ], [ -58.350832234843665, -34.61918170543084 ], [ -58.351125340620086, -34.619303532853998 ], [ -58.351238811428473, -34.619310690332448 ], [ -58.351341475527626, -34.619317166056476 ], [ -58.35146905128267, -34.619289269165229 ], [ -58.351500603041806, -34.619241836514959 ], [ -58.351517593695071, -34.619175513495065 ], [ -58.351615310633704, -34.619235592699198 ], [ -58.351551794941713, -34.619334925041855 ], [ -58.351462455041933, -34.6193607407874 ], [ -58.351921507247773, -34.619627822862853 ], [ -58.352219106724945, -34.61964209964755 ], [ -58.35256483559494, -34.619547086446339 ], [ -58.352690529559936, -34.61977516970024 ], [ -58.352931165540745, -34.61975889438898 ], [ -58.353081456931768, -34.619543722879314 ], [ -58.353517760977219, -34.619409488756666 ], [ -58.354072022707584, -34.61970503169735 ], [ -58.354251388968315, -34.619469226828279 ], [ -58.355145473659242, -34.619557048497953 ], [ -58.355213518327297, -34.61940857654632 ], [ -58.355394023497929, -34.619042544662456 ], [ -58.355449200118457, -34.618915726269044 ], [ -58.355641286625925, -34.618483029068557 ], [ -58.35600677051459, -34.617643413290402 ], [ -58.356341650410869, -34.618019469116931 ], [ -58.357682750166049, -34.619388994745783 ], [ -58.357791740035509, -34.619503695705625 ], [ -58.358885822677756, -34.62066444371105 ], [ -58.359648780518413, -34.621467344623881 ], [ -58.361583668360659, -34.623471819171073 ], [ -58.361770893613141, -34.623681306059254 ], [ -58.361899450743593, -34.623819701794943 ], [ -58.361914426822516, -34.623834124230576 ], [ -58.362719488190137, -34.624711550361653 ], [ -58.363089781780822, -34.625116780283328 ], [ -58.363458482298746, -34.625126522546552 ], [ -58.363729501052468, -34.625134604960124 ], [ -58.366489979639638, -34.625200589286827 ], [ -58.367973901767321, -34.625199646262743 ], [ -58.367970006357922, -34.625477969824054 ], [ -58.367983169140381, -34.627105280584566 ], [ -58.367946629583905, -34.627147911088706 ], [ -58.368025633498476, -34.627175349133694 ], [ -58.368094652266493, -34.627193172542889 ], [ -58.368306399528379, -34.627372743105262 ], [ -58.368634213204132, -34.627649479462576 ], [ -58.369446679317441, -34.628329639657245 ], [ -58.369631411417657, -34.628507508139748 ], [ -58.370444829083823, -34.629295555940899 ], [ -58.37065993410819, -34.629497799646117 ], [ -58.370693312848275, -34.629194372099796 ], [ -58.370710422109084, -34.62883151108862 ], [ -58.370797447083426, -34.628122590908283 ], [ -58.370949163505045, -34.626829150620516 ], [ -58.370965205542767, -34.626654930778557 ], [ -58.37254943299272, -34.626745611713375 ], [ -58.372787625823648, -34.626756102057136 ], [ -58.373866338693112, -34.626788007546587 ], [ -58.374560536796139, -34.626804708412656 ], [ -58.375574061711383, -34.627308764669493 ], [ -58.37659224282659, -34.627880502075236 ], [ -58.377704017384374, -34.628498553188948 ], [ -58.377926127833348, -34.628624842788675 ], [ -58.379084981494572, -34.629322224413855 ], [ -58.378980902961978, -34.62956729558806 ], [ -58.378623968660023, -34.63049290142142 ], [ -58.379045909897492, -34.631283248008167 ], [ -58.379471145748589, -34.632037856074142 ], [ -58.379524493634356, -34.632167015625612 ], [ -58.379509163952847, -34.632215476123626 ], [ -58.379577841653457, -34.632296175174957 ], [ -58.37963653223148, -34.632367260314041 ], [ -58.380095349818106, -34.632638723598802 ], [ -58.380113332277922, -34.632738701795994 ], [ -58.380145661265722, -34.633037277740854 ], [ -58.380291997222919, -34.63304198137687 ], [ -58.381072319550405, -34.633068553563604 ], [ -58.381251083703276, -34.633075293798633 ], [ -58.381283984799246, -34.632362958751131 ], [ -58.381327532673978, -34.631121107304445 ], [ -58.381330628792163, -34.630910126312003 ], [ -58.381546114862473, -34.63104947305316 ], [ -58.382624378153245, -34.631737267807431 ], [ -58.383394812417805, -34.632225992551824 ], [ -58.383992802471887, -34.63240284282832 ], [ -58.385416265050289, -34.632824739067182 ], [ -58.386522852283399, -34.633145845664174 ], [ -58.387269317035155, -34.633363455521931 ], [ -58.387651479393043, -34.633463833224539 ], [ -58.388557631504604, -34.633718420055196 ], [ -58.388765134098669, -34.63376739140314 ], [ -58.389516127690847, -34.633935847861601 ], [ -58.390351550380593, -34.634132064502566 ], [ -58.390528986777213, -34.632673946771007 ], [ -58.390558193149857, -34.632415178156776 ], [ -58.390666057691398, -34.631536800803701 ] ] ] ] } },
{ "type": "Feature", "properties": { "fid": 518, "cpr": "02", "jur": "Ciudad Autónoma de Buenos Aires", "cde": "02028", "gna": "Comuna", "nam": "Comuna 4" }, "geometry": { "type": "MultiPolygon", "coordinates": [ [ [ [ -58.40783186690345, -34.66024157524442 ], [ -58.408960834625134, -34.659849485765477 ], [ -58.409905474937638, -34.659391923736329 ], [ -58.410797919602736, -34.659088348143591 ], [ -58.411763594701, -34.658816309351224 ], [ -58.41283428648714, -34.658703605641087 ], [ -58.414129851536273, -34.658807161361409 ], [ -58.414729347369622, -34.658970489731509 ], [ -58.415748201883979, -34.659245427415996 ], [ -58.416621080802997, -34.659511224038454 ], [ -58.416636891843609, -34.659516706489384 ], [ -58.417817643708837, -34.659864661751833 ], [ -58.418516613751677, -34.660070140632847 ], [ -58.419523458380972, -34.660357776344625 ], [ -58.420485010023874, -34.660665037995585 ], [ -58.421911601856252, -34.661297923590659 ], [ -58.422300762058221, -34.661501984499864 ], [ -58.423244981696413, -34.661880034175326 ], [ -58.423871510076324, -34.662283152387836 ], [ -58.424125104301908, -34.66194852826569 ], [ -58.424615746265069, -34.661341149692255 ], [ -58.424697080097758, -34.661224914629486 ], [ -58.424941988527948, -34.660925691704485 ], [ -58.425027910508661, -34.660818729650849 ], [ -58.425720275827715, -34.659967835567848 ], [ -58.426443340118226, -34.6590784152461 ], [ -58.426782512971513, -34.658699705272191 ], [ -58.426880061333733, -34.658584481444706 ], [ -58.427136769143367, -34.658393828951546 ], [ -58.427282160792075, -34.658290580336683 ], [ -58.427828830202571, -34.657902363551372 ], [ -58.427968813314962, -34.657798776119698 ], [ -58.428667088857424, -34.657298706858349 ], [ -58.428795030212058, -34.657207846024221 ], [ -58.428905524796271, -34.657129375164999 ], [ -58.429487480500782, -34.656711900758395 ], [ -58.42963409229376, -34.656595245241377 ], [ -58.429786110450777, -34.656478927157067 ], [ -58.430957951874241, -34.655675913586379 ], [ -58.431290240017098, -34.655431557502752 ], [ -58.431391142088884, -34.65533900521438 ], [ -58.431991335634265, -34.654900189232002 ], [ -58.432119269753692, -34.654809323909184 ], [ -58.433086215623675, -34.654105826972028 ], [ -58.434435046658997, -34.653120610938352 ], [ -58.433676987809129, -34.652520621761788 ], [ -58.432992433941713, -34.651979136428352 ], [ -58.432034727259442, -34.651213903898039 ], [ -58.431417619471759, -34.650708074621036 ], [ -58.430982894874703, -34.650348428948433 ], [ -58.430846725840318, -34.650232087948126 ], [ -58.430433223176557, -34.649878258960811 ], [ -58.430520445937482, -34.649816305936852 ], [ -58.430590632541943, -34.649762275679073 ], [ -58.430817819312196, -34.649596729489055 ], [ -58.431961907698181, -34.64867963441889 ], [ -58.432841455845157, -34.647979665868888 ], [ -58.432970193657006, -34.647879862508439 ], [ -58.433766688634549, -34.647255581357385 ], [ -58.434522062408099, -34.646664674374485 ], [ -58.434605913711792, -34.646580041058165 ], [ -58.434819877121981, -34.646350754782965 ], [ -58.434925098615679, -34.646240494935796 ], [ -58.433483214957967, -34.645597836149619 ], [ -58.432620605372399, -34.645220478502559 ], [ -58.432108661337764, -34.645170549065035 ], [ -58.43217482759254, -34.644208622058336 ], [ -58.432218729512549, -34.643609261700021 ], [ -58.432253451287522, -34.642991355141 ], [ -58.43230551598338, -34.642302638499451 ], [ -58.432345330608264, -34.641747955867679 ], [ -58.432116145277035, -34.641697703880268 ], [ -58.431422368956291, -34.641555543644678 ], [ -58.43116115842961, -34.641498797392252 ], [ -58.430926569095853, -34.641448205848384 ], [ -58.430123457052638, -34.641312692267668 ], [ -58.429924667812031, -34.641286800469857 ], [ -58.429731284545575, -34.64126124589874 ], [ -58.429255070864194, -34.641177590760492 ], [ -58.428569667548146, -34.641062897029464 ], [ -58.428355479548543, -34.641027054489506 ], [ -58.427996970529904, -34.640964225085952 ], [ -58.427423866854305, -34.640870018352373 ], [ -58.426770904849342, -34.640757340862081 ], [ -58.42616577943096, -34.640656634778466 ], [ -58.425068236626011, -34.640471242086271 ], [ -58.424918512259133, -34.64044391440175 ], [ -58.423494093786417, -34.640206631330543 ], [ -58.422306715871294, -34.639993133810229 ], [ -58.420920975090134, -34.639749251889832 ], [ -58.419760233860913, -34.639541888236721 ], [ -58.41953565432339, -34.639500887420986 ], [ -58.419294858463388, -34.639458872259198 ], [ -58.418624074288253, -34.639363010217338 ], [ -58.417257939451233, -34.639142779271978 ], [ -58.417086599885153, -34.639114090209141 ], [ -58.41613923882754, -34.638951490524448 ], [ -58.415844802038933, -34.63890162004337 ], [ -58.414555182403156, -34.638677158970054 ], [ -58.413191124466252, -34.6384345467335 ], [ -58.411880312372958, -34.638204238333671 ], [ -58.411628306937168, -34.638165999833312 ], [ -58.411264017455601, -34.638107253183726 ], [ -58.411002160680631, -34.637286578447622 ], [ -58.410926151658579, -34.637048173942212 ], [ -58.410708527612186, -34.636338104737945 ], [ -58.41051138253917, -34.635701208647902 ], [ -58.410488273969023, -34.635241455156986 ], [ -58.410566644065661, -34.635098084981983 ], [ -58.410886345085636, -34.634516006557789 ], [ -58.41098780294589, -34.634239284922508 ], [ -58.411479033946051, -34.63297149329658 ], [ -58.411521695432519, -34.63286183308761 ], [ -58.411633093940559, -34.631705064042421 ], [ -58.411654049531116, -34.631535633615862 ], [ -58.411767009339592, -34.630599129274316 ], [ -58.411783292253013, -34.63036200827527 ], [ -58.411581181500345, -34.630313414148986 ], [ -58.410826380489297, -34.630126884982772 ], [ -58.410034159358105, -34.629933515747702 ], [ -58.409869066206511, -34.62989622237864 ], [ -58.409428245086858, -34.629783256877531 ], [ -58.408364892289995, -34.629523478693145 ], [ -58.406751248599029, -34.629337068877362 ], [ -58.406514669162931, -34.629308773957455 ], [ -58.405648195902018, -34.629214070031495 ], [ -58.405454855194868, -34.629188481144524 ], [ -58.403544794588711, -34.628974476676106 ], [ -58.402388120291768, -34.628843595790947 ], [ -58.401102150742233, -34.628700108040896 ], [ -58.400843958707618, -34.628670447674239 ], [ -58.399907656420595, -34.628566833452268 ], [ -58.398595497386815, -34.628412691383531 ], [ -58.396868276906382, -34.628102208583485 ], [ -58.395348978368681, -34.62783619387389 ], [ -58.394295369365047, -34.627648796158915 ], [ -58.393209750379285, -34.627454888211467 ], [ -58.39216155891777, -34.627267812142641 ], [ -58.391173035207721, -34.627259703446541 ], [ -58.391064440537157, -34.628205432663279 ], [ -58.390928209933492, -34.629333645821582 ], [ -58.390890320621125, -34.629627814727463 ], [ -58.39078622808784, -34.63052440164072 ], [ -58.390666057691398, -34.631536800803701 ], [ -58.390558193149857, -34.632415178156776 ], [ -58.390528986777213, -34.632673946771007 ], [ -58.390351550380593, -34.634132064502566 ], [ -58.389516127690847, -34.633935847861601 ], [ -58.388765134098669, -34.63376739140314 ], [ -58.388557631504604, -34.633718420055196 ], [ -58.387651479393043, -34.633463833224539 ], [ -58.387269317035155, -34.633363455521931 ], [ -58.386522852283399, -34.633145845664174 ], [ -58.385416265050289, -34.632824739067182 ], [ -58.383992802471887, -34.63240284282832 ], [ -58.383394812417805, -34.632225992551824 ], [ -58.382624378153245, -34.631737267807431 ], [ -58.381546114862473, -34.63104947305316 ], [ -58.381330628792163, -34.630910126312003 ], [ -58.381327532673978, -34.631121107304445 ], [ -58.381283984799246, -34.632362958751131 ], [ -58.381251083703276, -34.633075293798633 ], [ -58.381072319550405, -34.633068553563604 ], [ -58.380291997222919, -34.63304198137687 ], [ -58.380145661265722, -34.633037277740854 ], [ -58.380113332277922, -34.632738701795994 ], [ -58.380095349818106, -34.632638723598802 ], [ -58.37963653223148, -34.632367260314041 ], [ -58.379577841653457, -34.632296175174957 ], [ -58.379509163952847, -34.632215476123626 ], [ -58.379524493634356, -34.632167015625612 ], [ -58.379471145748589, -34.632037856074142 ], [ -58.379045909897492, -34.631283248008167 ], [ -58.378623968660023, -34.63049290142142 ], [ -58.378980902961978, -34.62956729558806 ], [ -58.379084981494572, -34.629322224413855 ], [ -58.377926127833348, -34.628624842788675 ], [ -58.377704017384374, -34.628498553188948 ], [ -58.37659224282659, -34.627880502075236 ], [ -58.375574061711383, -34.627308764669493 ], [ -58.374560536796139, -34.626804708412656 ], [ -58.373866338693112, -34.626788007546587 ], [ -58.372787625823648, -34.626756102057136 ], [ -58.37254943299272, -34.626745611713375 ], [ -58.370965205542767, -34.626654930778557 ], [ -58.370949163505045, -34.626829150620516 ], [ -58.370797447083426, -34.628122590908283 ], [ -58.370710422109084, -34.62883151108862 ], [ -58.370693312848275, -34.629194372099796 ], [ -58.37065993410819, -34.629497799646117 ], [ -58.370444829083823, -34.629295555940899 ], [ -58.369631411417657, -34.628507508139748 ], [ -58.369446679317441, -34.628329639657245 ], [ -58.368634213204132, -34.627649479462576 ], [ -58.368306399528379, -34.627372743105262 ], [ -58.368094652266493, -34.627193172542889 ], [ -58.368025633498476, -34.627175349133694 ], [ -58.367946629583905, -34.627147911088706 ], [ -58.367983169140381, -34.627105280584566 ], [ -58.367970006357922, -34.625477969824054 ], [ -58.367973901767321, -34.625199646262743 ], [ -58.366489979639638, -34.625200589286827 ], [ -58.363729501052468, -34.625134604960124 ], [ -58.363458482298746, -34.625126522546552 ], [ -58.363089781780822, -34.625116780283328 ], [ -58.362719488190137, -34.624711550361653 ], [ -58.361914426822516, -34.623834124230576 ], [ -58.361793123167402, -34.623911850419923 ], [ -58.361030402686957, -34.624402964169732 ], [ -58.361264665502333, -34.624691796607564 ], [ -58.36120110491057, -34.624732722591219 ], [ -58.359779905228535, -34.625645122816067 ], [ -58.359554324060035, -34.625792656958446 ], [ -58.355827313751206, -34.628190646885649 ], [ -58.355804049049659, -34.628207152135609 ], [ -58.355774968159807, -34.628227783689951 ], [ -58.355751703437683, -34.628244288927043 ], [ -58.355728026532582, -34.628265261173041 ], [ -58.355698945603841, -34.628285892703921 ], [ -58.3556640484707, -34.628310650529166 ], [ -58.355640783703848, -34.628327155738837 ], [ -58.355617518927922, -34.628343660942861 ], [ -58.355582209563565, -34.628372885751112 ], [ -58.355553128561873, -34.628393517237043 ], [ -58.355535267767543, -34.628410363136801 ], [ -58.355506186741316, -34.628430994608102 ], [ -58.355488325929116, -34.628447840498623 ], [ -58.355465061089504, -34.628464345664661 ], [ -58.355447612453801, -34.628476724535496 ], [ -58.355423935404517, -34.628497696702858 ], [ -58.355394854320451, -34.62851832813957 ], [ -58.355376581269297, -34.628539641018861 ], [ -58.355353316381894, -34.628556146157024 ], [ -58.355335867710437, -34.628568525006933 ], [ -58.355312190605993, -34.6285894971451 ], [ -58.355288513489334, -34.628610469277071 ], [ -58.355259020127519, -34.628635567680881 ], [ -58.355240747013291, -34.628656880531537 ], [ -58.355211665827895, -34.628677511910702 ], [ -58.355182584628309, -34.628698143280893 ], [ -58.355164311479513, -34.628719456115547 ], [ -58.355134405827179, -34.62874902148701 ], [ -58.355121948903047, -34.628766208042165 ], [ -58.355104500152656, -34.628778586848156 ], [ -58.355080822927285, -34.628799558925316 ], [ -58.355062549727641, -34.628820871738064 ], [ -58.35503346844002, -34.628841503060769 ], [ -58.354991517945031, -34.628883787916983 ], [ -58.35497324470191, -34.628905100710753 ], [ -58.354949567405583, -34.628926072752897 ], [ -58.354937110412649, -34.628943259280398 ], [ -58.35491924936904, -34.628960105056706 ], [ -58.354906792363899, -34.628977291579588 ], [ -58.354877298750907, -34.629002389857568 ], [ -58.354859025449386, -34.629023702626625 ], [ -58.354829119570404, -34.629053267893447 ], [ -58.354810846244, -34.629074580652166 ], [ -58.354792572907627, -34.62909589340682 ], [ -58.354774299561285, -34.629117206157488 ], [ -58.354756438444369, -34.629134051900323 ], [ -58.354737752838602, -34.629159831646753 ], [ -58.354714075405376, -34.629180803625168 ], [ -58.354695802017879, -34.629202116358826 ], [ -58.354671300070649, -34.629232022331706 ], [ -58.354658842966685, -34.629249208816752 ], [ -58.354646798104447, -34.629261928297211 ], [ -58.354634340990152, -34.629279114778491 ], [ -58.354622296119302, -34.629291834255483 ], [ -58.354609838994591, -34.629309020732862 ], [ -58.3545977941152, -34.629321740206372 ], [ -58.35458533698025, -34.629338926679999 ], [ -58.35457329209224, -34.629351646149964 ], [ -58.354560834946859, -34.629368832619818 ], [ -58.354548790050323, -34.629381552086237 ], [ -58.354536745149822, -34.629394271550993 ], [ -58.354524287989442, -34.629411458015213 ], [ -58.354512243080407, -34.629424177476423 ], [ -58.354499785909702, -34.629441363936799 ], [ -58.354487740992134, -34.629454083394535 ], [ -58.354475283811013, -34.629471269851166 ], [ -58.354451193954766, -34.629496708757799 ], [ -58.354438736758638, -34.629513895208774 ], [ -58.35443209589571, -34.629526955433654 ], [ -58.354419638690139, -34.629544141881546 ], [ -58.354407181479004, -34.629561328327505 ], [ -58.354395136527764, -34.629574047771719 ], [ -58.354388083385537, -34.62959157499229 ], [ -58.354376038426388, -34.629604294433648 ], [ -58.354363581195486, -34.629621480872693 ], [ -58.354351123958935, -34.62963866730972 ], [ -58.35433907898657, -34.629651386745778 ], [ -58.354332025823155, -34.629668913960572 ], [ -58.35431956857159, -34.629686100392512 ], [ -58.35430752358657, -34.629698819823886 ], [ -58.354295066324674, -34.62971600625206 ], [ -58.354288425417998, -34.629729066463831 ], [ -58.35427596814668, -34.629746252888928 ], [ -58.354263510869693, -34.629763439312001 ], [ -58.354245237220539, -34.629784751945067 ], [ -58.35422655128319, -34.629810531571785 ], [ -58.354213269426175, -34.629836651982352 ], [ -58.354200812120098, -34.629853838395434 ], [ -58.354187942527091, -34.629875491803837 ], [ -58.354169668830131, -34.629896804419573 ], [ -58.354156386937092, -34.629922924819681 ], [ -58.354143105034346, -34.629949045217181 ], [ -58.35412441902092, -34.629974824818937 ], [ -58.354105320707269, -34.630005071412668 ], [ -58.354092038771107, -34.630031191800647 ], [ -58.354078756825253, -34.630057312186089 ], [ -58.354059658471272, -34.630087558767841 ], [ -58.354046376503227, -34.630113679147073 ], [ -58.354026453533088, -34.630152859711245 ], [ -58.354006942836861, -34.630187573274405 ], [ -58.353987019824508, -34.630226753827181 ], [ -58.353967096790328, -34.630265934374172 ], [ -58.353941357313175, -34.630309241105707 ], [ -58.353927662958675, -34.630339828456506 ], [ -58.353913556288504, -34.630374882798499 ], [ -58.353894457782793, -34.630405129336395 ], [ -58.353879938776302, -34.630444650664785 ], [ -58.353860015621926, -34.630483831180342 ], [ -58.353833039071652, -34.630540538851896 ], [ -58.353811878927615, -34.630593120332264 ], [ -58.353785314610803, -34.63064536099143 ], [ -58.353764154398128, -34.630697942455839 ], [ -58.353749635253557, -34.630737463753462 ], [ -58.353728062664402, -34.630794512197234 ], [ -58.35370772700437, -34.630838159658559 ], [ -58.353692795473258, -34.630882147933939 ], [ -58.353678688571229, -34.630917202222911 ], [ -58.353663344676754, -34.630965657481717 ], [ -58.353642184268878, -34.631018238903508 ], [ -58.353627664982739, -34.631057760171174 ], [ -58.35361149635515, -34.631115149396685 ], [ -58.353589098859416, -34.631181131770106 ], [ -58.353560472470114, -34.631255707285057 ], [ -58.353538487213783, -34.631317222649088 ], [ -58.353010459617529, -34.632856467503998 ], [ -58.352981831858024, -34.632931042735045 ], [ -58.352959020712809, -34.63300149184127 ], [ -58.352936209517821, -34.633071940937995 ], [ -58.352914635472231, -34.633128989080589 ], [ -58.352891411782906, -34.633203905140469 ], [ -58.352752850420465, -34.63358605571036 ], [ -58.352804092598987, -34.633737556654957 ], [ -58.352970776729848, -34.634287229634516 ], [ -58.353247458630563, -34.635176322236205 ], [ -58.353473552891685, -34.635671333270942 ], [ -58.353500618367725, -34.635731449307883 ], [ -58.354133095348161, -34.63653514915476 ], [ -58.354236649700304, -34.636591103009771 ], [ -58.354635479688589, -34.636804961242568 ], [ -58.356013310563284, -34.637543330051436 ], [ -58.356633276596803, -34.638247384312962 ], [ -58.356874193986087, -34.638523168043733 ], [ -58.356938270960221, -34.638594603000534 ], [ -58.358026312654594, -34.639233807324146 ], [ -58.358325635111896, -34.639230210270888 ], [ -58.360180612721194, -34.6392168259732 ], [ -58.360348985047516, -34.639218450470217 ], [ -58.361112852301794, -34.639423841116496 ], [ -58.361422548337366, -34.63989715099585 ], [ -58.360905637644727, -34.64072724092938 ], [ -58.358480459712304, -34.641558366858916 ], [ -58.358125246589978, -34.641872951739145 ], [ -58.357878356411241, -34.642486410307512 ], [ -58.357356826813714, -34.642246852751093 ], [ -58.356986161480663, -34.643023240033102 ], [ -58.356712277438675, -34.643693402699689 ], [ -58.35668990762678, -34.644347972247239 ], [ -58.357213174075845, -34.645216665323154 ], [ -58.358229656322344, -34.645689613833248 ], [ -58.359311884360231, -34.64621612185708 ], [ -58.360361562775815, -34.647095518895547 ], [ -58.361403479402576, -34.648118196235245 ], [ -58.361418871166492, -34.648128152231344 ], [ -58.361789098977496, -34.648358161564673 ], [ -58.362266565257592, -34.648545503562694 ], [ -58.363210501121294, -34.648685851352461 ], [ -58.364597935127861, -34.64914617665535 ], [ -58.365018887205579, -34.64935690678044 ], [ -58.366647427356256, -34.650209812610008 ], [ -58.367555099148767, -34.650684823352485 ], [ -58.368001036745738, -34.650919582569756 ], [ -58.368944713975942, -34.651652955435722 ], [ -58.369080632546208, -34.652065887998539 ], [ -58.369066938328686, -34.652096477320157 ], [ -58.369114050728527, -34.65270600695208 ], [ -58.369106229356333, -34.653262654543227 ], [ -58.36929033857983, -34.653624704301393 ], [ -58.369912840119731, -34.654126678188298 ], [ -58.370935492756928, -34.654770656200846 ], [ -58.371313655538025, -34.654974180900261 ], [ -58.371614436556271, -34.655132396724674 ], [ -58.372149537420952, -34.655521026096601 ], [ -58.372739277599891, -34.656083828793577 ], [ -58.373505997687374, -34.656909377870811 ], [ -58.373536787622236, -34.65692928757413 ], [ -58.373675342521018, -34.657018881165563 ], [ -58.373905801641762, -34.657114257191687 ], [ -58.374174104216891, -34.657212013812547 ], [ -58.37465571638684, -34.657296231507161 ], [ -58.37507240058239, -34.657317952585949 ], [ -58.375929284194051, -34.657165173538267 ], [ -58.376233262840373, -34.657170814845017 ], [ -58.376565563574573, -34.657223167698852 ], [ -58.376952749480132, -34.657269985416931 ], [ -58.377492543202429, -34.657312920126621 ], [ -58.377806570236608, -34.657386585878371 ], [ -58.377907230517749, -34.657415381540254 ], [ -58.378047848978625, -34.657482634691881 ], [ -58.378229190976384, -34.657520996834023 ], [ -58.378730791391568, -34.657624427782409 ], [ -58.379219054341775, -34.6576955663771 ], [ -58.3801426372085, -34.657704209214486 ], [ -58.380990593944723, -34.657766501462561 ], [ -58.381109531359321, -34.657773977878399 ], [ -58.382403622278467, -34.657774440869829 ], [ -58.383320221499091, -34.657859003247459 ], [ -58.384601163717313, -34.658002396124296 ], [ -58.385155610043384, -34.658122600453069 ], [ -58.385307523558076, -34.658244472657053 ], [ -58.385610466973915, -34.658438736661047 ], [ -58.386455852645092, -34.659179292064408 ], [ -58.387222813789023, -34.660063190153508 ], [ -58.387748166415356, -34.660558979722708 ], [ -58.388231940847902, -34.66067922568007 ], [ -58.388264380005182, -34.66068126293613 ], [ -58.388835828737086, -34.660735122404219 ], [ -58.389454359518169, -34.660868319019713 ], [ -58.389952715822297, -34.661007446490359 ], [ -58.390222699390279, -34.661087302074044 ], [ -58.390415414058722, -34.661238689303218 ], [ -58.390588146282184, -34.661370849115166 ], [ -58.39077210309447, -34.661499220269548 ], [ -58.390930326033363, -34.661670907082708 ], [ -58.391068977019813, -34.661818899263359 ], [ -58.391330404757333, -34.662050982587388 ], [ -58.391696137097107, -34.662213229609684 ], [ -58.392026899488471, -34.662341828397054 ], [ -58.392398452217243, -34.662499945650012 ], [ -58.392746191282924, -34.662562210862014 ], [ -58.393100912883682, -34.662548529662324 ], [ -58.393518051085799, -34.662565723628148 ], [ -58.394096022737678, -34.6624896666642 ], [ -58.394396198111657, -34.662418640559032 ], [ -58.394479762588219, -34.66239692543153 ], [ -58.39500564970524, -34.66223671854992 ], [ -58.395434694357967, -34.662124351004884 ], [ -58.395769840977692, -34.662086967656123 ], [ -58.396041888667959, -34.662144474330887 ], [ -58.396518161020722, -34.662228272040871 ], [ -58.396939405410244, -34.66220077984228 ], [ -58.397229996503036, -34.662115665610528 ], [ -58.397520516222897, -34.661972134898846 ], [ -58.397739034831332, -34.661783648665249 ], [ -58.397917242943315, -34.661619592652009 ], [ -58.397950432793472, -34.661554276773721 ], [ -58.399114955801856, -34.660953335630104 ], [ -58.39916532951171, -34.660996933258282 ], [ -58.399502668207397, -34.661054033236105 ], [ -58.399871964759043, -34.661059218055208 ], [ -58.400196631237236, -34.660958260104096 ], [ -58.40047454189358, -34.660715080926209 ], [ -58.40085804937916, -34.660447069347001 ], [ -58.400887133956502, -34.660426426932233 ], [ -58.401171751834326, -34.660228598262869 ], [ -58.401688780340749, -34.659986927350438 ], [ -58.402478599194588, -34.659735394429497 ], [ -58.402789649012313, -34.659723439157595 ], [ -58.403102824623183, -34.659747561846359 ], [ -58.403609485586394, -34.659855701370525 ], [ -58.40451273409942, -34.659849402911348 ], [ -58.406095486445338, -34.660141784864855 ], [ -58.40651769808435, -34.660222155379934 ], [ -58.406576352217442, -34.660234816426367 ], [ -58.40783186690345, -34.66024157524442 ] ] ], [ [ [ -58.347846253322089, -34.618970846343856 ], [ -58.347305923011717, -34.618936747442135 ], [ -58.347228214409753, -34.618954308068041 ], [ -58.346555852401579, -34.619114056431876 ], [ -58.34634091772967, -34.619028603011074 ], [ -58.345970898483479, -34.618856979941938 ], [ -58.345916865723744, -34.618853569337261 ], [ -58.34520239636835, -34.61882194787168 ], [ -58.34458241587285, -34.619002963408072 ], [ -58.344528422245531, -34.619057963048668 ], [ -58.344576834358918, -34.619357554453423 ], [ -58.344659317027713, -34.619641325015131 ], [ -58.34520558276192, -34.619846543238367 ], [ -58.345440028635544, -34.619897286784585 ], [ -58.34590406382204, -34.619580620719915 ], [ -58.34624097190968, -34.619345787780482 ], [ -58.346340213626561, -34.619212769976905 ], [ -58.346555561269277, -34.619293756536543 ], [ -58.346669524416427, -34.619413273478891 ], [ -58.346894110900173, -34.619629631503329 ], [ -58.347153716072405, -34.619996467119137 ], [ -58.347100914506036, -34.620568234173568 ], [ -58.346961987987434, -34.621013255456106 ], [ -58.346454507284115, -34.621623718764369 ], [ -58.346512535589618, -34.621995804439649 ], [ -58.346187899255575, -34.622568384353102 ], [ -58.346062872421527, -34.622686295273979 ], [ -58.34602265130178, -34.622827531167673 ], [ -58.346042241995782, -34.622909641123378 ], [ -58.345929219809186, -34.622956422246638 ], [ -58.345941892251275, -34.622642714859744 ], [ -58.345955468801513, -34.62243689562807 ], [ -58.346095388584828, -34.622216586763933 ], [ -58.346113955370342, -34.622015575452465 ], [ -58.345836648259784, -34.621899225743405 ], [ -58.345751176006083, -34.622118478356043 ], [ -58.345744003548376, -34.621960771968567 ], [ -58.345721072796877, -34.621855986364316 ], [ -58.345623692020133, -34.621674613682323 ], [ -58.345480195746063, -34.62152178054049 ], [ -58.345283117570055, -34.621419480226621 ], [ -58.345034520620025, -34.621345377920221 ], [ -58.344867014463503, -34.621334803021846 ], [ -58.344697032442504, -34.621351029319143 ], [ -58.344518345627762, -34.621402649438252 ], [ -58.344337595234116, -34.621476603762872 ], [ -58.344197183158862, -34.621584555356833 ], [ -58.344105814342065, -34.621691110347356 ], [ -58.344087578919805, -34.6217708321632 ], [ -58.344043900351693, -34.621714158885105 ], [ -58.344091629127512, -34.621609341531581 ], [ -58.344082021962208, -34.621536847678115 ], [ -58.344160971459608, -34.621505888793706 ], [ -58.344234478965994, -34.621416177847777 ], [ -58.344243106782407, -34.621263962124999 ], [ -58.344274624736869, -34.621158121163269 ], [ -58.344233796459918, -34.621011768840397 ], [ -58.344234544650632, -34.620886013353939 ], [ -58.344276869136991, -34.620780854678429 ], [ -58.344320805479903, -34.620599417520154 ], [ -58.344338588824002, -34.62046575165072 ], [ -58.344314383251017, -34.620315955914101 ], [ -58.344271865661973, -34.620129060400558 ], [ -58.344196592944328, -34.620061406600286 ], [ -58.344200268246176, -34.619962793663035 ], [ -58.344127020400798, -34.619814394516027 ], [ -58.344093659236606, -34.619646048917566 ], [ -58.344029941720564, -34.619453321936696 ], [ -58.343904763604385, -34.619337587579203 ], [ -58.343853993639229, -34.619240030036508 ], [ -58.34368892982399, -34.619144241912558 ], [ -58.343481014734515, -34.618982846581467 ], [ -58.343344657134935, -34.618929307151319 ], [ -58.343227436507831, -34.618903933656199 ], [ -58.34307528223836, -34.618844903527609 ], [ -58.343061098020037, -34.618763134784544 ], [ -58.342999522893606, -34.618664894684365 ], [ -58.342932995367235, -34.618620257219085 ], [ -58.342855248763215, -34.618579404223702 ], [ -58.342674015722118, -34.618541002152298 ], [ -58.342414661553647, -34.618524624153935 ], [ -58.342046830749545, -34.618505887935257 ], [ -58.34160793320131, -34.61849164814133 ], [ -58.341445011746131, -34.618490344295608 ], [ -58.3409708425662, -34.618563733285953 ], [ -58.340533669555136, -34.618648443117465 ], [ -58.34039862590938, -34.618698321076401 ], [ -58.340310487278309, -34.618652317124891 ], [ -58.340158749094009, -34.618588816789064 ], [ -58.339905589400878, -34.618505430591789 ], [ -58.339607176167817, -34.618500057919029 ], [ -58.339204899549671, -34.618560009721001 ], [ -58.338904008938769, -34.61858143636281 ], [ -58.338528369581987, -34.618705969796629 ], [ -58.338232985589336, -34.618902966931287 ], [ -58.33808097405371, -34.61907757207338 ], [ -58.337958490124407, -34.619285493289375 ], [ -58.337744598047735, -34.619541553451988 ], [ -58.337620047352516, -34.619771808275829 ], [ -58.337500933035187, -34.620060814546022 ], [ -58.337440427554242, -34.620362510207954 ], [ -58.337395271425841, -34.620615753587785 ], [ -58.337381641094176, -34.620763158892437 ], [ -58.337356858419191, -34.621031168516041 ], [ -58.337339443026202, -34.621101954823118 ], [ -58.337223149256189, -34.621242872261732 ], [ -58.337138002344417, -34.621340828658091 ], [ -58.336984744038176, -34.62152883198759 ], [ -58.336930430839601, -34.621763524668509 ], [ -58.336916419274971, -34.621973806772594 ], [ -58.337008029865778, -34.622276129717022 ], [ -58.337115751172746, -34.622404246575556 ], [ -58.33721266598851, -34.622531680424302 ], [ -58.337349883408486, -34.622634703603808 ], [ -58.337510780184175, -34.622716758407293 ], [ -58.337679559074971, -34.622772353524788 ], [ -58.337861210332143, -34.622806297187275 ], [ -58.338050743449564, -34.622813781043099 ], [ -58.338293037822787, -34.62277966916357 ], [ -58.338536192401264, -34.622795033410426 ], [ -58.338692444709423, -34.622750991069552 ], [ -58.338796349004781, -34.622744077391381 ], [ -58.338874888079197, -34.622717589223363 ], [ -58.339012864909385, -34.622694856416317 ], [ -58.339083522574583, -34.622694827757925 ], [ -58.339204876066717, -34.622675537370561 ], [ -58.339299625303028, -34.622650073073501 ], [ -58.339446757027972, -34.622645889902202 ], [ -58.339588485331689, -34.622641365174921 ], [ -58.339642519741815, -34.62264477890762 ], [ -58.339802971261243, -34.622672887369419 ], [ -58.339973816894968, -34.622706145201299 ], [ -58.34002286087577, -34.622704750559528 ], [ -58.340125526445725, -34.622711236276174 ], [ -58.34030883094816, -34.622727308939034 ], [ -58.340608085623266, -34.622723748162791 ], [ -58.340746475256552, -34.622696546448715 ], [ -58.340866177143482, -34.622695121786272 ], [ -58.341009144404985, -34.622677194798243 ], [ -58.341068582480943, -34.622680949214022 ], [ -58.341194136919533, -34.622733809227235 ], [ -58.341354212961235, -34.622824793158784 ], [ -58.341525885649581, -34.62284911517559 ], [ -58.341666376125588, -34.622857988646196 ], [ -58.341782326276793, -34.622838354331243 ], [ -58.341838838102746, -34.622814965873026 ], [ -58.341900340549195, -34.62279638553089 ], [ -58.341946871019132, -34.622763380719647 ], [ -58.342004997290232, -34.622663714036996 ], [ -58.342025711956673, -34.622557191577947 ], [ -58.3419013955453, -34.622490931775765 ], [ -58.341873103060607, -34.622444215414632 ], [ -58.341874754368007, -34.622426347921284 ], [ -58.341908789664018, -34.622352117422331 ], [ -58.341939522318697, -34.622313621898662 ], [ -58.342015133789687, -34.622259988982556 ], [ -58.342054196362206, -34.622248977196506 ], [ -58.342108643643058, -34.622247922927414 ], [ -58.342237913595135, -34.622260579963068 ], [ -58.342321891997592, -34.622292841262883 ], [ -58.342420429658723, -34.622343993769064 ], [ -58.342484032774124, -34.622361489348876 ], [ -58.34254681034237, -34.622387918659513 ], [ -58.342680695844116, -34.622468260960972 ], [ -58.342702759789461, -34.622523569722198 ], [ -58.342728126022998, -34.622543143425595 ], [ -58.342844525815138, -34.622577451828604 ], [ -58.342929330381367, -34.622600779010142 ], [ -58.342990869994523, -34.622640608785979 ], [ -58.34305781315674, -34.622680779759349 ], [ -58.342498735654893, -34.623261007708969 ], [ -58.342373703029061, -34.623378913973141 ], [ -58.342197001271991, -34.623291374192725 ], [ -58.342145782300989, -34.623139872109142 ], [ -58.341883038202162, -34.623042404829384 ], [ -58.340683087273732, -34.623029513051648 ], [ -58.340049370322667, -34.623241085142965 ], [ -58.33843165882061, -34.624572123359712 ], [ -58.338209321009188, -34.62462546797893 ], [ -58.338228903753915, -34.624707578240042 ], [ -58.337795860311331, -34.624806015440235 ], [ -58.337779616151586, -34.624746580777767 ], [ -58.337758828102132, -34.624736281228607 ], [ -58.337503655210874, -34.624792042410043 ], [ -58.337021152701759, -34.624896336916088 ], [ -58.336062696812505, -34.625680428431082 ], [ -58.33603027525799, -34.625678379086523 ], [ -58.335953385394504, -34.625686997675615 ], [ -58.335815021977275, -34.625772603080812 ], [ -58.335740675067221, -34.625871240789188 ], [ -58.335699544176229, -34.625904584222063 ], [ -58.335708730396036, -34.625981544646372 ], [ -58.335143287868839, -34.626453500761698 ], [ -58.335145730262603, -34.627132086748098 ], [ -58.336246464033536, -34.628041845674041 ], [ -58.336189184619094, -34.628190984637712 ], [ -58.336336770940072, -34.628240749876895 ], [ -58.336410674619223, -34.628088168688052 ], [ -58.336972317174208, -34.628244977001749 ], [ -58.336915451981284, -34.628389649646529 ], [ -58.338139353252295, -34.628732082528039 ], [ -58.338214080652605, -34.628570566195016 ], [ -58.33878113519058, -34.628727708442781 ], [ -58.338727610877385, -34.628895057955894 ], [ -58.338865632092727, -34.628930737019211 ], [ -58.338934954579692, -34.628768878617805 ], [ -58.339099581824655, -34.628810731514939 ], [ -58.339173136235495, -34.628779435609808 ], [ -58.33922211585336, -34.628661221020785 ], [ -58.339339760875319, -34.628682133220359 ], [ -58.339390047564663, -34.628667338775486 ], [ -58.339443638660413, -34.628616809561414 ], [ -58.339730007414012, -34.627871102806253 ], [ -58.339737476320074, -34.62784910998468 ], [ -58.34025214445834, -34.627984963487542 ], [ -58.340540057575907, -34.627751547463639 ], [ -58.340635708903669, -34.627833970126332 ], [ -58.340764916540252, -34.627729808822792 ], [ -58.340669265164607, -34.627647386261437 ], [ -58.341063941522783, -34.627317375470746 ], [ -58.34116499680232, -34.627400139066289 ], [ -58.34129919392354, -34.62730078522037 ], [ -58.341193147769751, -34.627213213530403 ], [ -58.341516781335649, -34.626946107586321 ], [ -58.341588645763196, -34.626874266740828 ], [ -58.341699269972324, -34.626971113135617 ], [ -58.341779464371768, -34.626926756005922 ], [ -58.341805621250934, -34.6268789856979 ], [ -58.34180310779962, -34.626847376299843 ], [ -58.341717024847284, -34.626779037796553 ], [ -58.34196879129879, -34.626583771206818 ], [ -58.342112105709823, -34.626444555603747 ], [ -58.342228546743804, -34.626537275940613 ], [ -58.342321199369117, -34.626475733439065 ], [ -58.342357337480799, -34.626437579273166 ], [ -58.342241309264814, -34.626340392185725 ], [ -58.342434907559472, -34.626186380156817 ], [ -58.342730873042299, -34.626218550768371 ], [ -58.342715148315598, -34.626329881488118 ], [ -58.342893471107203, -34.626341143188469 ], [ -58.342908369942613, -34.626238746177144 ], [ -58.343316988578714, -34.626287015546488 ], [ -58.343302503032753, -34.626384945788082 ], [ -58.343470881628072, -34.62644500117058 ], [ -58.343494485932226, -34.626307210129916 ], [ -58.344279716347742, -34.626397229664072 ], [ -58.344364975927633, -34.626474500355862 ], [ -58.343823663169999, -34.626921066684453 ], [ -58.34370222861704, -34.626823539466805 ], [ -58.343573025735793, -34.626927704592852 ], [ -58.343694460240869, -34.627025231940721 ], [ -58.343324299350563, -34.627325349714653 ], [ -58.343207855935333, -34.627232630131083 ], [ -58.343078651789064, -34.627336794560819 ], [ -58.343194682326832, -34.627433981152926 ], [ -58.342812058729336, -34.627751281878858 ], [ -58.342706010223125, -34.627663711234952 ], [ -58.342683156408555, -34.62767574674961 ], [ -58.342582621445985, -34.62776374936351 ], [ -58.342688257042113, -34.6278557869935 ], [ -58.342323079703988, -34.62816070887979 ], [ -58.342196654740846, -34.628058371967242 ], [ -58.342143891328995, -34.628099968930393 ], [ -58.342077842783155, -34.628167684469489 ], [ -58.342188882000201, -34.628260063842937 ], [ -58.341806250689224, -34.62857736036274 ], [ -58.34169438574984, -34.628493914371369 ], [ -58.341637043822978, -34.628526235977837 ], [ -58.341566416528828, -34.628584676070503 ], [ -58.341677042621363, -34.628681522779871 ], [ -58.341394119369248, -34.628919749725178 ], [ -58.341394567808322, -34.62897369343623 ], [ -58.34154636042738, -34.629095605419387 ], [ -58.341853591881424, -34.629182405941449 ], [ -58.341817487862706, -34.629278970380021 ], [ -58.341980879515148, -34.629334220271438 ], [ -58.342023213134418, -34.62922906334552 ], [ -58.342373264157132, -34.62932306012965 ], [ -58.342330930890277, -34.629428217230469 ], [ -58.342344665180725, -34.629456042401905 ], [ -58.342487267766202, -34.62950099270337 ], [ -58.34254288611907, -34.629369716878429 ], [ -58.342840137995658, -34.629446898796019 ], [ -58.343181640402285, -34.629162945173434 ], [ -58.3432781218579, -34.629236432530682 ], [ -58.343314710702501, -34.629252222048017 ], [ -58.343398622536391, -34.629167662061541 ], [ -58.343406503537672, -34.629141202015852 ], [ -58.343310847746999, -34.62905878099366 ], [ -58.343675613790758, -34.628758323048281 ], [ -58.343792059648599, -34.628851042528197 ], [ -58.343920852966789, -34.62875134441876 ], [ -58.34380481987882, -34.628654158173553 ], [ -58.344187445114123, -34.628336854348134 ], [ -58.344314286101003, -34.62843472265584 ], [ -58.344408178227305, -34.628359777940723 ], [ -58.344417297133468, -34.62831991708881 ], [ -58.344316649896214, -34.628232688752881 ], [ -58.344570067398664, -34.628019548920747 ], [ -58.344999264636442, -34.628374633909004 ], [ -58.345266684524979, -34.628598193937229 ], [ -58.345356938218011, -34.628680272422493 ], [ -58.347056904708168, -34.627282441652497 ], [ -58.348759190966931, -34.62868385267511 ], [ -58.348779197306463, -34.62876149577491 ], [ -58.348445430548509, -34.628785362511152 ], [ -58.348432972353265, -34.628802548191942 ], [ -58.348444726896346, -34.628969530063564 ], [ -58.348778906967823, -34.628941196485684 ], [ -58.348781504468299, -34.629089628608291 ], [ -58.348726761564627, -34.629270386007484 ], [ -58.348685673731964, -34.629362145584125 ], [ -58.348502391106578, -34.629404494754255 ], [ -58.348479537397381, -34.629416531415572 ], [ -58.348482134208133, -34.629564963474976 ], [ -58.348463608297664, -34.629824386885588 ], [ -58.348431637131384, -34.629876284911262 ], [ -58.347963218049891, -34.629945567764651 ], [ -58.347902203269271, -34.630076506098355 ], [ -58.347885618497486, -34.630138360991722 ], [ -58.348258044133495, -34.630107950061074 ], [ -58.348294755212407, -34.630298971872975 ], [ -58.34825820486887, -34.630341594889849 ], [ -58.348136467573511, -34.630423771323265 ], [ -58.348081841849684, -34.63077976169636 ], [ -58.347978498738456, -34.631015859949784 ], [ -58.34792540260149, -34.631178748858943 ], [ -58.347842277902082, -34.631195967307313 ], [ -58.347734822694697, -34.63088815597073 ], [ -58.347662506443577, -34.630906056496435 ], [ -58.34775915317816, -34.631213185693873 ], [ -58.347725117650839, -34.631287418045147 ], [ -58.347693970615794, -34.63133038188267 ], [ -58.347619178016586, -34.631375083895207 ], [ -58.347578873303654, -34.631399497795833 ], [ -58.347473719241087, -34.631419818493086 ], [ -58.347333664447639, -34.631464894001695 ], [ -58.347223518847045, -34.6314804064314 ], [ -58.347164073633976, -34.631476654185967 ], [ -58.347119602704083, -34.631487326027987 ], [ -58.346949186481972, -34.631508019741027 ], [ -58.346884337179574, -34.631503926232348 ], [ -58.34685108713402, -34.631510813303322 ], [ -58.346770438227914, -34.631501229428373 ], [ -58.346755464023069, -34.631486805276644 ], [ -58.346733808666997, -34.631427029678491 ], [ -58.346140711845862, -34.63155133589715 ], [ -58.346092151855316, -34.631665087455104 ], [ -58.347788871413449, -34.632127135076168 ], [ -58.34771737935403, -34.632136101638054 ], [ -58.347686644574743, -34.632174598503184 ], [ -58.347699555743034, -34.632211357213883 ], [ -58.347727441428347, -34.632262539997285 ], [ -58.347778594479536, -34.632297219446002 ], [ -58.347792331023335, -34.632325044298 ], [ -58.347850126294162, -34.632346664032873 ], [ -58.347953218287749, -34.632348677799932 ], [ -58.348176067354984, -34.632407672569435 ], [ -58.348378125319321, -34.632456368824641 ], [ -58.348546933168393, -34.63251195227668 ], [ -58.348699488498461, -34.632508101109742 ], [ -58.348861201817577, -34.632522799602086 ], [ -58.34898714882641, -34.632512775886823 ], [ -58.349035374033356, -34.632520312201976 ], [ -58.349074481683047, -34.632567709935365 ], [ -58.35011605130471, -34.63235487007109 ], [ -58.350915701387436, -34.631583106910043 ], [ -58.351137103973571, -34.631363439741392 ], [ -58.351252114547549, -34.631177497067831 ], [ -58.351348395169765, -34.630958921751123 ], [ -58.351952588229317, -34.629536815130948 ], [ -58.352037643896587, -34.629322023971078 ], [ -58.352072499386878, -34.629238855834743 ], [ -58.352185116111499, -34.629196536600958 ], [ -58.352388646623353, -34.628993711144496 ], [ -58.352642678890909, -34.629068142998719 ], [ -58.352959086072254, -34.629173466356093 ], [ -58.352986930913325, -34.629166236572864 ], [ -58.353387302335555, -34.628715230412951 ], [ -58.353928039363822, -34.62809784770301 ], [ -58.35414617046672, -34.627972320454262 ], [ -58.354533382923243, -34.627722664720892 ], [ -58.356286183584558, -34.626575137103565 ], [ -58.357181479860891, -34.626002553520792 ], [ -58.357310254583794, -34.625902838398744 ], [ -58.357652569409424, -34.625668313324447 ], [ -58.357678717197992, -34.62562053831607 ], [ -58.360303472623286, -34.623975259271006 ], [ -58.360360904628003, -34.624059752066628 ], [ -58.360544946131732, -34.623950036026585 ], [ -58.360817856453401, -34.624232318018045 ], [ -58.360837824354732, -34.624251548091159 ], [ -58.360853623962306, -34.624257036501959 ], [ -58.360880231204661, -34.624263205801576 ], [ -58.360897266324628, -34.624255292992174 ], [ -58.361770893613141, -34.623681306059254 ], [ -58.361583668360659, -34.623471819171073 ], [ -58.359648780518413, -34.621467344623881 ], [ -58.358885822677756, -34.62066444371105 ], [ -58.357791740035509, -34.619503695705625 ], [ -58.357682750166049, -34.619388994745783 ], [ -58.356341650410869, -34.618019469116931 ], [ -58.35600677051459, -34.617643413290402 ], [ -58.355641286625925, -34.618483029068557 ], [ -58.355449200118457, -34.618915726269044 ], [ -58.355394023497929, -34.619042544662456 ], [ -58.355213518327297, -34.61940857654632 ], [ -58.355145473659242, -34.619557048497953 ], [ -58.354251388968315, -34.619469226828279 ], [ -58.354072022707584, -34.61970503169735 ], [ -58.353517760977219, -34.619409488756666 ], [ -58.353081456931768, -34.619543722879314 ], [ -58.352931165540745, -34.61975889438898 ], [ -58.352690529559936, -34.61977516970024 ], [ -58.35256483559494, -34.619547086446339 ], [ -58.352219106724945, -34.61964209964755 ], [ -58.351921507247773, -34.619627822862853 ], [ -58.351462455041933, -34.6193607407874 ], [ -58.351551794941713, -34.619334925041855 ], [ -58.351615310633704, -34.619235592699198 ], [ -58.351517593695071, -34.619175513495065 ], [ -58.351500603041806, -34.619241836514959 ], [ -58.35146905128267, -34.619289269165229 ], [ -58.351341475527626, -34.619317166056476 ], [ -58.351238811428473, -34.619310690332448 ], [ -58.350859469142335, -34.619475466946348 ], [ -58.350878283527706, -34.619624922044387 ], [ -58.350786881647529, -34.619673072067009 ], [ -58.350677490253588, -34.619562832984499 ], [ -58.350160999550738, -34.619741420394007 ], [ -58.349579581216737, -34.619799091734933 ], [ -58.349092780292892, -34.61965605346569 ], [ -58.348321374057399, -34.619063729588312 ], [ -58.347846253322089, -34.618970846343856 ] ] ] ] } },
{ "type": "Feature", "properties": { "fid": 525, "cpr": "02", "jur": "Ciudad Autónoma de Buenos Aires", "cde": "02021", "gna": "Comuna", "nam": "Comuna 3" }, "geometry": { "type": "MultiPolygon", "coordinates": [ [ [ [ -58.411845215701639, -34.629211129171253 ], [ -58.411876789390718, -34.628628988111487 ], [ -58.41193388157901, -34.627590136869429 ], [ -58.411989247423094, -34.626510738754931 ], [ -58.412065387595128, -34.625145075443072 ], [ -58.41209714710395, -34.624976320953273 ], [ -58.412125547408586, -34.624784890223729 ], [ -58.412219165000934, -34.623999943955226 ], [ -58.412334546269015, -34.623036631117699 ], [ -58.412040577697411, -34.622982291382563 ], [ -58.412359425049999, -34.621874447634909 ], [ -58.412421648919242, -34.621788476818963 ], [ -58.412547976159594, -34.620646120342691 ], [ -58.41263410112785, -34.619586619298595 ], [ -58.412645874522525, -34.619398641307697 ], [ -58.4126828606556, -34.618282147441363 ], [ -58.412690864978948, -34.618075960834446 ], [ -58.412757699339195, -34.616633330567694 ], [ -58.41281702112061, -34.615450836148575 ], [ -58.41287362009475, -34.614119895743436 ], [ -58.413116957756166, -34.613420699067944 ], [ -58.413314784642566, -34.612862437322612 ], [ -58.413434947278283, -34.612618334496815 ], [ -58.413560921630946, -34.612370101837136 ], [ -58.414015627853267, -34.611558314101046 ], [ -58.414470732683498, -34.610742055834727 ], [ -58.414584183885452, -34.609383216556402 ], [ -58.414616611768423, -34.608850553092935 ], [ -58.414651899559267, -34.60828661604419 ], [ -58.414660073758192, -34.608197263136731 ], [ -58.414099390434124, -34.607910577947983 ], [ -58.413938523077732, -34.607352345939773 ], [ -58.413909691530286, -34.607251692238385 ], [ -58.413643629877207, -34.606120737431041 ], [ -58.413413939947453, -34.605126853592438 ], [ -58.413222753551182, -34.604306119641784 ], [ -58.413183435915002, -34.60414190528158 ], [ -58.412972593763428, -34.603239064384034 ], [ -58.412804839191644, -34.602518646464624 ], [ -58.412594819531165, -34.601606870695861 ], [ -58.412311804039852, -34.600245702861564 ], [ -58.41212626337979, -34.59930400612815 ], [ -58.411918576065062, -34.598010455330474 ], [ -58.410296791093863, -34.598097710079735 ], [ -58.409427855738599, -34.598092765308245 ], [ -58.408722230032794, -34.59808455471358 ], [ -58.408147088260108, -34.59807551998734 ], [ -58.406627787218532, -34.598052315905676 ], [ -58.405585153617146, -34.598045456295239 ], [ -58.404732433557314, -34.59804149251282 ], [ -58.404509696788629, -34.598041025507833 ], [ -58.40372157856293, -34.59845896341227 ], [ -58.403081697789297, -34.598800809460215 ], [ -58.402475865266524, -34.599126811656276 ], [ -58.402007469574031, -34.599376049268535 ], [ -58.401210568805276, -34.599474405043232 ], [ -58.401073454306356, -34.599488281336555 ], [ -58.39991964500652, -34.599627173297186 ], [ -58.398722202774167, -34.59976781272298 ], [ -58.397187506824586, -34.599734535343217 ], [ -58.395815305400816, -34.599706931887624 ], [ -58.394714059680446, -34.59968731518785 ], [ -58.394399477016876, -34.599681070375546 ], [ -58.39293044588905, -34.59964286935783 ], [ -58.392768653519788, -34.600814413561373 ], [ -58.392746374537893, -34.6009388237187 ], [ -58.39259522828543, -34.601994214064469 ], [ -58.392572538590905, -34.602123091531105 ], [ -58.392390197480339, -34.603163045601327 ], [ -58.392384459920493, -34.60322558943583 ], [ -58.392289192608324, -34.604441743154858 ], [ -58.392209084351748, -34.605492602122254 ], [ -58.392194328960045, -34.60565342899325 ], [ -58.392124947074223, -34.606646550126875 ], [ -58.392111420572363, -34.606793974702271 ], [ -58.392040878628862, -34.60785891299367 ], [ -58.392033984278335, -34.607993274208809 ], [ -58.391963585414096, -34.609175042654478 ], [ -58.391877791318365, -34.610346859099899 ], [ -58.391807907346518, -34.61128603113508 ], [ -58.391798624960451, -34.611505611895481 ], [ -58.391788448885691, -34.611675712231715 ], [ -58.39176533068769, -34.612460558668438 ], [ -58.391757277474525, -34.612666737179083 ], [ -58.391752914189468, -34.612832709055539 ], [ -58.391710112160226, -34.613831990684425 ], [ -58.391703771312585, -34.61407871475874 ], [ -58.391684601561323, -34.614702056518809 ], [ -58.391680720333547, -34.614921976164396 ], [ -58.39166733488775, -34.615186230808547 ], [ -58.391664009317928, -34.615518513461822 ], [ -58.391657594323519, -34.615706822282455 ], [ -58.391656099922329, -34.615841522299945 ], [ -58.391674442267728, -34.616885078304151 ], [ -58.391698066825491, -34.618167101612499 ], [ -58.391665574237052, -34.619113112945705 ], [ -58.3916228980112, -34.6202292242711 ], [ -58.391610400791883, -34.620542959155237 ], [ -58.391554716447693, -34.621563898697097 ], [ -58.391490076434891, -34.622741535854161 ], [ -58.391459333690428, -34.623431548813848 ], [ -58.391434670626204, -34.623996135636041 ], [ -58.391402193376045, -34.624290644376551 ], [ -58.391331851765131, -34.625234281046303 ], [ -58.39124133355795, -34.626338404304839 ], [ -58.391219251572288, -34.626638058401021 ], [ -58.391186912881601, -34.627049397144255 ], [ -58.391173035207721, -34.627259703446541 ], [ -58.39216155891777, -34.627267812142641 ], [ -58.393209750379285, -34.627454888211467 ], [ -58.394295369365047, -34.627648796158915 ], [ -58.395348978368681, -34.62783619387389 ], [ -58.396868276906382, -34.628102208583485 ], [ -58.398595497386815, -34.628412691383531 ], [ -58.399907656420595, -34.628566833452268 ], [ -58.400843958707618, -34.628670447674239 ], [ -58.401102150742233, -34.628700108040896 ], [ -58.402388120291768, -34.628843595790947 ], [ -58.403544794588711, -34.628974476676106 ], [ -58.405454855194868, -34.629188481144524 ], [ -58.405648195902018, -34.629214070031495 ], [ -58.406514669162931, -34.629308773957455 ], [ -58.406751248599029, -34.629337068877362 ], [ -58.408364892289995, -34.629523478693145 ], [ -58.409428245086858, -34.629783256877531 ], [ -58.409869066206511, -34.62989622237864 ], [ -58.410034159358105, -34.629933515747702 ], [ -58.410826380489297, -34.630126884982772 ], [ -58.411581181500345, -34.630313414148986 ], [ -58.411783292253013, -34.63036200827527 ], [ -58.411845215701639, -34.629211129171253 ] ] ] ] } }
]
}
